B-Paar,C-Paar,count,p(joint),p(B-Paar),p(C-Paar),lift
19·79,11·179,1,0.00011775788977861517,0.004945831370701837,0.009538389072067829,2.496178718400941
7·163,11·239,1,0.00011775788977861517,0.007536504945831371,0.006358926048045219,2.457175925925926
31·43,47·47,1,0.00011775788977861517,0.006005652378709373,0.00800753650494583,2.448673587081892
7·211,11·179,1,0.00011775788977861517,0.005063589260480453,0.009538389072067829,2.438128050531151
7·199,11·191,1,0.00011775788977861517,0.005652378709373528,0.008714083843617522,2.390765765765766
19·67,47·47,1,0.00011775788977861517,0.006241168158266604,0.00800753650494583,2.356270810210877
19·79,23·83,1,0.00011775788977861517,0.004945831370701837,0.010127178520960905,2.3510520487264674
7·163,11·227,1,0.00011775788977861517,0.007536504945831371,0.0067121997173810646,2.3278508771929824
7·211,23·83,1,0.00011775788977861517,0.005063589260480453,0.010127178520960905,2.2963764196863163
7·163,23·107,1,0.00011775788977861517,0.007536504945831371,0.0068299576071596795,2.2877155172413794
31·43,11·191,1,0.00011775788977861517,0.006005652378709373,0.008714083843617522,2.250132485426603
19·79,11·167,1,0.00011775788977861517,0.004945831370701837,0.010598210080075365,2.246560846560847
7·151,11·239,1,0.00011775788977861517,0.008243052284503062,0.006358926048045219,2.2465608465608464
7·211,11·167,1,0.00011775788977861517,0.005063589260480453,0.010598210080075365,2.194315245478036
7·199,11·179,1,0.00011775788977861517,0.005652378709373528,0.009538389072067829,2.184156378600823
19·67,11·191,1,0.00011775788977861517,0.006241168158266604,0.008714083843617522,2.165221825599184
7·151,11·227,1,0.00011775788977861517,0.008243052284503062,0.0067121997173810646,2.1283208020050126
7·151,23·107,1,0.00011775788977861517,0.008243052284503062,0.0068299576071596795,2.091625615763547
7·199,23·83,1,0.00011775788977861517,0.005652378709373528,0.010127178520960905,2.057170542635659
31·43,11·179,1,0.00011775788977861517,0.006005652378709373,0.009538389072067829,2.0556765916243043
19·79,23·71,1,0.00011775788977861517,0.004945831370701837,0.012011304757418746,1.982259570494865
19·67,11·179,1,0.00011775788977861517,0.006241168158266604,0.009538389072067829,1.9781038900535755
7·199,11·167,1,0.00011775788977861517,0.005652378709373528,0.010598210080075365,1.9657407407407408
7·163,47·47,1,0.00011775788977861517,0.007536504945831371,0.00800753650494583,1.9512867647058825
31·43,23·83,1,0.00011775788977861517,0.006005652378709373,0.010127178520960905,1.9361605107159143
7·211,23·71,1,0.00011775788977861517,0.005063589260480453,0.012011304757418746,1.9361605107159143
31·31,11·239,1,0.00011775788977861517,0.009656146961846444,0.006358926048045219,1.917795844625113
7·139,11·239,1,0.00011775788977861517,0.009656146961846444,0.006358926048045219,1.917795844625113
19·67,23·83,1,0.00011775788977861517,0.006241168158266604,0.010127178520960905,1.8630978499341815
31·43,11·167,1,0.00011775788977861517,0.006005652378709373,0.010598210080075365,1.8501089324618738
31·31,11·227,1,0.00011775788977861517,0.009656146961846444,0.0067121997173810646,1.8168592212237915
7·139,11·227,1,0.00011775788977861517,0.009656146961846444,0.0067121997173810646,1.8168592212237915
7·163,11·191,1,0.00011775788977861517,0.007536504945831371,0.008714083843617522,1.7930743243243241
31·31,23·107,1,0.00011775788977861517,0.009656146961846444,0.0068299576071596795,1.7855340622371743
7·139,23·107,1,0.00011775788977861517,0.009656146961846444,0.0068299576071596795,1.7855340622371743
7·151,47·47,1,0.00011775788977861517,0.008243052284503062,0.00800753650494583,1.784033613445378
19·67,11·167,1,0.00011775788977861517,0.006241168158266604,0.010598210080075365,1.7802935010482182
7·127,11·239,1,0.00011775788977861517,0.010598210080075365,0.006358926048045219,1.7473251028806587
7·199,23·71,1,0.00011775788977861517,0.005652378709373528,0.012011304757418746,1.7344771241830068
19·79,11·131,1,0.00011775788977861517,0.004945831370701837,0.013895430993876589,1.7134786117836969
7·211,11·131,1,0.00011775788977861517,0.005063589260480453,0.013895430993876589,1.6736302719747733
7·127,11·227,1,0.00011775788977861517,0.010598210080075365,0.0067121997173810646,1.6553606237816763
7·151,11·191,1,0.00011775788977861517,0.008243052284503062,0.008714083843617522,1.6393822393822393
7·163,11·179,1,0.00011775788977861517,0.007536504945831371,0.009538389072067829,1.6381172839506173
31·43,23·71,1,0.00011775788977861517,0.006005652378709373,0.012011304757418746,1.6324490580545947
7·127,23·107,1,0.00011775788977861517,0.010598210080075365,0.0068299576071596795,1.6268199233716476
19·79,23·59,1,0.00011775788977861517,0.004945831370701837,0.014719736222326895,1.6175238095238096
7·199,11·59,3,0.0003532736693358455,0.005652378709373528,0.03944889307583608,1.5843283582089553
7·211,23·59,1,0.00011775788977861517,0.005063589260480453,0.014719736222326895,1.579906976744186
19·67,23·71,1,0.00011775788977861517,0.006241168158266604,0.012011304757418746,1.5708472068072514
19·43,11·239,1,0.00011775788977861517,0.011893546867640131,0.006358926048045219,1.5570223689035572
7·163,23·83,1,0.00011775788977861517,0.007536504945831371,0.010127178520960905,1.542877906976744
7·163,11·71,3,0.0003532736693358455,0.007536504945831371,0.030617051342439944,1.5310096153846153
31·31,47·47,1,0.00011775788977861517,0.009656146961846444,0.00800753650494583,1.522955523672884
7·139,47·47,1,0.00011775788977861517,0.009656146961846444,0.00800753650494583,1.522955523672884
7·199,11·23,9,0.0010598210080075365,0.005652378709373528,0.12388130004710315,1.5135456273764258
19·43,11·59,6,0.000706547338671691,0.011893546867640131,0.03944889307583608,1.505896261267918
7·211,11·23,8,0.0009420631182289214,0.005063589260480453,0.12388130004710315,1.5018127155362984
7·199,11·131,1,0.00011775788977861517,0.005652378709373528,0.013895430993876589,1.4992937853107344
7·151,11·179,1,0.00011775788977861517,0.008243052284503062,0.009538389072067829,1.4977072310405641
31·43,11·59,3,0.0003532736693358455,0.006005652378709373,0.03944889307583608,1.4911325724319582
19·43,11·227,1,0.00011775788977861517,0.011893546867640131,0.0067121997173810646,1.4750738231717908
7·163,11·167,1,0.00011775788977861517,0.007536504945831371,0.010598210080075365,1.4743055555555555
19·19,11·227,3,0.0003532736693358455,0.03579839849269901,0.0067121997173810646,1.4702216066481997
31·31,23·23,6,0.000706547338671691,0.009656146961846444,0.049811587376354216,1.4689500086490226
7·139,23·23,6,0.000706547338671691,0.009656146961846444,0.049811587376354216,1.4689500086490226
19·43,23·47,3,0.0003532736693358455,0.011893546867640131,0.02025435704192181,1.466497812571955
31·31,11·83,3,0.0003532736693358455,0.009656146961846444,0.02508243052284503,1.4586052902782551
7·139,11·83,3,0.0003532736693358455,0.009656146961846444,0.02508243052284503,1.4586052902782551
19·43,23·107,1,0.00011775788977861517,0.011893546867640131,0.0068299576071596795,1.4496415158757257
19·19,23·107,3,0.0003532736693358455,0.03579839849269901,0.0068299576071596795,1.4448729582577136
7·79,23·71,3,0.0003532736693358455,0.020372114931700425,0.012011304757418746,1.443726623597416
19·67,11·59,3,0.0003532736693358455,0.006241168158266604,0.03944889307583608,1.4348634187552805
19·79,23·23,3,0.0003532736693358455,0.004945831370701837,0.049811587376354216,1.4339750084430936
31·31,11·47,6,0.000706547338671691,0.009656146961846444,0.051224682053697596,1.4284272497897395
7·139,11·47,6,0.000706547338671691,0.009656146961846444,0.051224682053697596,1.4284272497897395
31·43,11·23,9,0.0010598210080075365,0.006005652378709373,0.12388130004710315,1.424513531648401
19·19,11·131,6,0.000706547338671691,0.03579839849269901,0.013895430993876589,1.4203835860838538
7·199,23·59,1,0.00011775788977861517,0.005652378709373528,0.014719736222326895,1.4153333333333333
31·43,11·131,1,0.00011775788977861517,0.006005652378709373,0.013895430993876589,1.4111000332336325
7·151,23·83,1,0.00011775788977861517,0.008243052284503062,0.010127178520960905,1.4106312292358802
7·211,23·23,3,0.0003532736693358455,0.005063589260480453,0.049811587376354216,1.4006267524327891
7·151,11·71,3,0.0003532736693358455,0.008243052284503062,0.030617051342439944,1.3997802197802196
31·31,11·191,1,0.00011775788977861517,0.009656146961846444,0.008714083843617522,1.3994726433750826
7·139,11·191,1,0.00011775788977861517,0.009656146961846444,0.008714083843617522,1.3994726433750826
19·79,11·47,3,0.0003532736693358455,0.004945831370701837,0.051224682053697596,1.394417077175698
7·151,11·47,5,0.0005887894488930759,0.008243052284503062,0.051224682053697596,1.3944170771756978
19·67,11·11,22,0.0025906735751295338,0.006241168158266604,0.29898728214790393,1.3883344356342937
7·127,47·47,1,0.00011775788977861517,0.010598210080075365,0.00800753650494583,1.3875816993464054
7·163,11·23,11,0.0012953367875647669,0.007536504945831371,0.12388130004710315,1.3874168250950571
7·79,11·83,6,0.000706547338671691,0.020372114931700425,0.02508243052284503,1.3827240902059759
7·67,23·47,6,0.000706547338671691,0.025435704192180875,0.02025435704192181,1.3714470284237725
7·67,23·83,3,0.0003532736693358455,0.025435704192180875,0.010127178520960905,1.3714470284237725
19·67,11·23,9,0.0010598210080075365,0.006241168158266604,0.12388130004710315,1.3707583040390274
19·31,11·131,3,0.0003532736693358455,0.018605746585021198,0.013895430993876589,1.3664449688907958
7·211,11·47,3,0.0003532736693358455,0.005063589260480453,0.051224682053697596,1.3619887730553328
7·67,11·71,9,0.0010598210080075365,0.025435704192180875,0.030617051342439944,1.360897435897436
19·67,11·131,1,0.00011775788977861517,0.006241168158266604,0.013895430993876589,1.3578509753757597
19·79,11·11,17,0.0020018841262364577,0.004945831370701837,0.29898728214790393,1.3537763273879855
7·103,11·107,3,0.0003532736693358455,0.01460197833254828,0.017899199246349504,1.3516553480475384
7·151,11·167,1,0.00011775788977861517,0.008243052284503062,0.010598210080075365,1.347936507936508
19·79,11·23,7,0.0008243052284503062,0.004945831370701837,0.12388130004710315,1.3453738910012674
19·19,23·59,6,0.000706547338671691,0.03579839849269901,0.014719736222326895,1.340842105263158
7·127,23·23,6,0.000706547338671691,0.010598210080075365,0.049811587376354216,1.3383766745468872
7·43,11·107,9,0.0010598210080075365,0.04439472444653792,0.017899199246349504,1.3337288845455815
31·43,23·59,1,0.00011775788977861517,0.006005652378709373,0.014719736222326895,1.3320784313725493
19·79,11·107,1,0.00011775788977861517,0.004945831370701837,0.017899199246349504,1.330200501253133
7·127,11·83,3,0.0003532736693358455,0.010598210080075365,0.02508243052284503,1.3289514866979657
7·43,23·71,6,0.000706547338671691,0.04439472444653792,0.012011304757418746,1.3250117022936496
7·199,11·11,19,0.002237399905793688,0.005652378709373528,0.29898728214790393,1.3239136142838386
7·211,11·11,17,0.0020018841262364577,0.005063589260480453,0.29898728214790393,1.3222931569836136
7·79,11·59,9,0.0010598210080075365,0.020372114931700425,0.03944889307583608,1.3187473039427142
31·43,11·11,20,0.0023551577955723034,0.006005652378709373,0.29898728214790393,1.3116172030056608
7·67,11·167,3,0.0003532736693358455,0.025435704192180875,0.010598210080075365,1.310493827160494
7·127,11·47,6,0.000706547338671691,0.010598210080075365,0.051224682053697596,1.3014559386973181
7·163,23·71,1,0.00011775788977861517,0.007536504945831371,0.012011304757418746,1.300857843137255
7·19,11·239,9,0.0010598210080075365,0.12823834196891193,0.006358926048045219,1.2996632996632997
7·211,11·107,1,0.00011775788977861517,0.005063589260480453,0.017899199246349504,1.299265605875153
7·31,23·71,9,0.0010598210080075365,0.06818181818181818,0.012011304757418746,1.2941176470588238
7·31,47·47,6,0.000706547338671691,0.06818181818181818,0.00800753650494583,1.2941176470588236
19·43,11·71,4,0.0004710315591144607,0.011893546867640131,0.030617051342439944,1.2935262757044936
7·79,11·107,4,0.0004710315591144607,0.020372114931700425,0.017899199246349504,1.2917554000608458
19·31,23·59,3,0.0003532736693358455,0.018605746585021198,0.014719736222326895,1.2899240506329115
7·31,11·227,5,0.0005887894488930759,0.06818181818181818,0.0067121997173810646,1.2865497076023393
19·67,23·59,1,0.00011775788977861517,0.006241168158266604,0.014719736222326895,1.281811320754717
31·43,11·71,2,0.00023551577955723034,0.006005652378709373,0.030617051342439944,1.280844645550528
31·31,11·23,13,0.0015308525671219972,0.009656146961846444,0.12388130004710315,1.2797458963182788
7·139,11·23,13,0.0015308525671219972,0.009656146961846444,0.12388130004710315,1.2797458963182788
31·31,11·179,1,0.00011775788977861517,0.009656146961846444,0.009538389072067829,1.2785305630834085
7·139,11·179,1,0.00011775788977861517,0.009656146961846444,0.009538389072067829,1.2785305630834085
7·127,11·191,1,0.00011775788977861517,0.010598210080075365,0.008714083843617522,1.2750750750750752
19·31,23·23,10,0.0011775788977861517,0.018605746585021198,0.049811587376354216,1.270610766974893
7·151,11·23,11,0.0012953367875647669,0.008243052284503062,0.12388130004710315,1.2684953829440522
7·103,11·239,1,0.00011775788977861517,0.01460197833254828,0.006358926048045219,1.268219832735962
7·31,23·107,5,0.0005887894488930759,0.06818181818181818,0.0068299576071596795,1.2643678160919543
7·127,11·11,34,0.004003768252472915,0.010598210080075365,0.29898728214790393,1.2635245722287862
19·31,11·83,5,0.0005887894488930759,0.018605746585021198,0.02508243052284503,1.2616628038271824
7·43,23·59,7,0.0008243052284503062,0.04439472444653792,0.014719736222326895,1.2614111405835544
7·103,11·47,8,0.0009420631182289214,0.01460197833254828,0.051224682053697596,1.2594734890619208
19·43,11·11,38,0.004474799811587376,0.011893546867640131,0.29898728214790393,1.258373336348995
7·67,23·59,4,0.0004710315591144607,0.025435704192180875,0.014719736222326895,1.2580740740740741
7·163,23·23,4,0.0004710315591144607,0.007536504945831371,0.049811587376354216,1.2547281323877069
7·199,23·23,3,0.0003532736693358455,0.005652378709373528,0.049811587376354216,1.2547281323877066
7·163,11·11,24,0.002826189354686764,0.007536504945831371,0.29898728214790393,1.2542339503741629
7·43,11·239,3,0.0003532736693358455,0.04439472444653792,0.006358926048045219,1.2513999410551135
19·31,23·47,4,0.0004710315591144607,0.018605746585021198,0.02025435704192181,1.2499264056520458
7·79,11·131,3,0.0003532736693358455,0.020372114931700425,0.013895430993876589,1.2479670814147155
7·163,11·83,2,0.00023551577955723034,0.007536504945831371,0.02508243052284503,1.2458920187793427
7·31,11·131,10,0.0011775788977861517,0.06818181818181818,0.013895430993876589,1.2429378531073447
7·151,11·11,26,0.0030617051342439945,0.008243052284503062,0.29898728214790393,1.2422888651325041
7·127,11·107,2,0.00023551577955723034,0.010598210080075365,0.017899199246349504,1.2415204678362575
7·79,11·47,11,0.0012953367875647669,0.020372114931700425,0.051224682053697596,1.241273005115939
7·103,11·11,46,0.0054168629298162975,0.01460197833254828,0.29898728214790393,1.240747563811
19·31,11·71,6,0.000706547338671691,0.018605746585021198,0.030617051342439944,1.2403115871470303
31·31,11·59,4,0.0004710315591144607,0.009656146961846444,0.03944889307583608,1.2365489625045505
7·139,11·59,4,0.0004710315591144607,0.009656146961846444,0.03944889307583608,1.2365489625045505
19·43,47·47,1,0.00011775788977861517,0.011893546867640131,0.00800753650494583,1.2364589400116484
19·31,11·47,10,0.0011775788977861517,0.018605746585021198,0.051224682053697596,1.2355594354721373
19·67,11·71,2,0.00023551577955723034,0.006241168158266604,0.030617051342439944,1.2325108853410742
19·19,47·47,3,0.0003532736693358455,0.03579839849269901,0.00800753650494583,1.2323916408668731
7·19,11·227,9,0.0010598210080075365,0.12823834196891193,0.0067121997173810646,1.2312599681020733
7·103,11·59,6,0.000706547338671691,0.01460197833254828,0.03944889307583608,1.2265767934520946
7·163,11·47,4,0.0004710315591144607,0.007536504945831371,0.051224682053697596,1.2201149425287356
7·199,11·47,3,0.0003532736693358455,0.005652378709373528,0.051224682053697596,1.2201149425287356
7·43,11·191,4,0.0004710315591144607,0.04439472444653792,0.008714083843617522,1.217578321026597
7·19,23·107,9,0.0010598210080075365,0.12823834196891193,0.0068299576071596795,1.2100313479623823
7·67,23·23,13,0.0015308525671219972,0.025435704192180875,0.049811587376354216,1.208256720077051
19·79,11·59,2,0.00023551577955723034,0.004945831370701837,0.03944889307583608,1.2071073205401566
31·31,23·47,2,0.00023551577955723034,0.009656146961846444,0.02025435704192181,1.2041973908111172
7·139,23·47,2,0.00023551577955723034,0.009656146961846444,0.02025435704192181,1.2041973908111172
31·31,23·83,1,0.00011775788977861517,0.009656146961846444,0.010127178520960905,1.2041973908111172
7·139,23·83,1,0.00011775788977861517,0.009656146961846444,0.010127178520960905,1.2041973908111172
7·103,11·227,1,0.00011775788977861517,0.01460197833254828,0.0067121997173810646,1.2014714204867007
19·43,11·23,15,0.0017663683466792276,0.011893546867640131,0.12388130004710315,1.1988480216842978
31·31,11·71,3,0.0003532736693358455,0.009656146961846444,0.030617051342439944,1.1949343339587242
7·139,11·71,3,0.0003532736693358455,0.009656146961846444,0.030617051342439944,1.1949343339587242
7·103,23·47,3,0.0003532736693358455,0.01460197833254828,0.02025435704192181,1.1944861215303826
19·43,23·23,6,0.000706547338671691,0.011893546867640131,0.049811587376354216,1.1926128783091074
7·151,23·71,1,0.00011775788977861517,0.008243052284503062,0.012011304757418746,1.1893557422969188
7·31,11·191,6,0.000706547338671691,0.06818181818181818,0.008714083843617522,1.1891891891891893
7·163,11·59,3,0.0003532736693358455,0.007536504945831371,0.03944889307583608,1.1882462686567166
7·43,11·227,3,0.0003532736693358455,0.04439472444653792,0.0067121997173810646,1.185536786262739
19·43,11·83,3,0.0003532736693358455,0.011893546867640131,0.02508243052284503,1.1842141960674941
31·31,11·11,29,0.0034149788035798398,0.009656146961846444,0.29898728214790393,1.1828547824666902
7·139,11·11,29,0.0034149788035798398,0.009656146961846444,0.29898728214790393,1.1828547824666902
19·19,11·71,11,0.0012953367875647669,0.03579839849269901,0.030617051342439944,1.1818319838056681
31·43,23·23,3,0.0003532736693358455,0.006005652378709373,0.049811587376354216,1.18092059518843
7·103,23·107,1,0.00011775788977861517,0.01460197833254828,0.0068299576071596795,1.1807563959955507
19·19,11·83,9,0.0010598210080075365,0.03579839849269901,0.02508243052284503,1.1803187546330616
7·211,11·59,2,0.00023551577955723034,0.005063589260480453,0.03944889307583608,1.1790350572717807
7·19,23·83,13,0.0015308525671219972,0.12823834196891193,0.010127178520960905,1.1787643880667134
7·43,23·47,9,0.0010598210080075365,0.04439472444653792,0.02025435704192181,1.1786441305286532
7·79,23·59,3,0.0003532736693358455,0.020372114931700425,0.014719736222326895,1.1780809248554913
19·79,23·47,1,0.00011775788977861517,0.004945831370701837,0.02025435704192181,1.1755260243632337
19·31,11·23,23,0.0027084314649081487,0.018605746585021198,0.12388130004710315,1.1750733984694615
7·67,11·47,13,0.0015308525671219972,0.025435704192180875,0.051224682053697596,1.1749255002128567
7·67,11·59,10,0.0011775788977861517,0.025435704192180875,0.03944889307583608,1.1735765616362632
7·31,23·59,10,0.0011775788977861517,0.06818181818181818,0.014719736222326895,1.1733333333333336
19·19,11·23,44,0.0051813471502590676,0.03579839849269901,0.12388130004710315,1.168351010606364
7·127,11·23,13,0.0015308525671219972,0.010598210080075365,0.12388130004710315,1.1659907055344318
7·43,23·107,3,0.0003532736693358455,0.04439472444653792,0.0068299576071596795,1.165096496844416
7·127,11·179,1,0.00011775788977861517,0.010598210080075365,0.009538389072067829,1.1648834019204388
7·199,11·107,1,0.00011775788977861517,0.005652378709373528,0.017899199246349504,1.1639254385964914
7·43,11·83,11,0.0012953367875647669,0.04439472444653792,0.02508243052284503,1.1632731846427815
7·103,11·131,2,0.00023551577955723034,0.01460197833254828,0.013895430993876589,1.1607435757244398
7·79,23·23,10,0.0011775788977861517,0.020372114931700425,0.049811587376354216,1.160442203364353
19·43,11·47,6,0.000706547338671691,0.011893546867640131,0.051224682053697596,1.1597132127005805
7·19,11·191,11,0.0012953367875647669,0.12823834196891193,0.008714083843617522,1.159159159159159
7·31,11·107,12,0.001413094677343382,0.06818181818181818,0.017899199246349504,1.1578947368421053
7·67,23·71,3,0.0003532736693358455,0.025435704192180875,0.012011304757418746,1.1563180827886712
7·67,47·47,2,0.00023551577955723034,0.025435704192180875,0.00800753650494583,1.1563180827886712
7·19,11·179,12,0.001413094677343382,0.12823834196891193,0.009538389072067829,1.1552562663673775
31·31,11·167,1,0.00011775788977861517,0.009656146961846444,0.010598210080075365,1.1506775067750679
7·139,11·167,1,0.00011775788977861517,0.009656146961846444,0.010598210080075365,1.1506775067750679
31·43,11·47,3,0.0003532736693358455,0.006005652378709373,0.051224682053697596,1.1483434753211632
7·211,23·47,1,0.00011775788977861517,0.005063589260480453,0.02025435704192181,1.1481882098431582
7·151,23·23,4,0.0004710315591144607,0.008243052284503062,0.049811587376354216,1.1471800067544748
7·19,47·47,10,0.0011775788977861517,0.12823834196891193,0.00800753650494583,1.1467617349970292
7·43,11·131,6,0.000706547338671691,0.04439472444653792,0.013895430993876589,1.1453490985928156
7·79,23·47,4,0.0004710315591144607,0.020372114931700425,0.02025435704192181,1.1415512837747008
7·79,23·83,2,0.00023551577955723034,0.020372114931700425,0.010127178520960905,1.1415512837747008
7·31,11·167,7,0.0008243052284503062,0.06818181818181818,0.010598210080075365,1.1407407407407408
7·43,11·47,22,0.0025906735751295338,0.04439472444653792,0.051224682053697596,1.1392054635812068
7·151,11·83,2,0.00023551577955723034,0.008243052284503062,0.02508243052284503,1.139101274312542
19·19,23·47,7,0.0008243052284503062,0.03579839849269901,0.02025435704192181,1.136857405140759
19·67,23·23,3,0.0003532736693358455,0.006241168158266604,0.049811587376354216,1.1363575538605646
19·43,11·191,1,0.00011775788977861517,0.011893546867640131,0.008714083843617522,1.1362055124431363
7·103,23·23,7,0.0008243052284503062,0.01460197833254828,0.049811587376354216,1.1333028292534129
7·79,11·71,6,0.000706547338671691,0.020372114931700425,0.030617051342439944,1.132770120053357
19·19,11·191,3,0.0003532736693358455,0.03579839849269901,0.008714083843617522,1.1324679943100997
7·127,11·59,4,0.0004710315591144607,0.010598210080075365,0.03944889307583608,1.1266334991708127
7·19,11·167,13,0.0015308525671219972,0.12823834196891193,0.010598210080075365,1.126374859708193
7·43,11·71,13,0.0015308525671219972,0.04439472444653792,0.030617051342439944,1.126259946949602
7·7,11·167,44,0.0051813471502590676,0.4347621290626472,0.010598210080075365,1.1244974118213555
7·163,11·131,1,0.00011775788977861517,0.007536504945831371,0.013895430993876589,1.1244703389830508
19·31,11·59,7,0.0008243052284503062,0.018605746585021198,0.03944889307583608,1.1230682032873607
7·79,11·23,24,0.002826189354686764,0.020372114931700425,0.12388130004710315,1.119848787885448
7·7,11·191,36,0.004239284032030146,0.4347621290626472,0.008714083843617522,1.1189716260138796
7·43,23·23,21,0.0024729156853509184,0.04439472444653792,0.049811587376354216,1.1182722877513778
7·7,47·47,33,0.0038860103626943004,0.4347621290626472,0.00800753650494583,1.1162290484991397
7·43,11·179,4,0.0004710315591144607,0.04439472444653792,0.009538389072067829,1.112355503160101
7·7,23·107,28,0.003297220913801225,0.4347621290626472,0.0068299576071596795,1.1103971307953824
7·31,23·47,13,0.0015308525671219972,0.06818181818181818,0.02025435704192181,1.1085271317829457
7·7,11·179,39,0.004592557701365992,0.4347621290626472,0.009538389072067829,1.1074595722483047
7·7,11·239,26,0.0030617051342439945,0.4347621290626472,0.006358926048045219,1.1074595722483047
7·67,11·83,6,0.000706547338671691,0.025435704192180875,0.02508243052284503,1.1074595722483047
7·103,11·23,17,0.0020018841262364577,0.01460197833254828,0.12388130004710315,1.106678523242978
19·43,11·107,2,0.00023551577955723034,0.011893546867640131,0.017899199246349504,1.1063053673788432
19·67,11·47,3,0.0003532736693358455,0.006241168158266604,0.051224682053697596,1.1050097592713077
19·19,11·107,6,0.000706547338671691,0.03579839849269901,0.017899199246349504,1.1026662049861498
7·127,23·47,2,0.00023551577955723034,0.010598210080075365,0.02025435704192181,1.097157622739018
7·127,23·83,1,0.00011775788977861517,0.010598210080075365,0.010127178520960905,1.097157622739018
7·7,23·83,41,0.004828073480923222,0.4347621290626472,0.010127178520960905,1.0965632794980975
7·103,23·59,2,0.00023551577955723034,0.01460197833254828,0.014719736222326895,1.095741935483871
19·19,23·71,4,0.0004710315591144607,0.03579839849269901,0.012011304757418746,1.0954592363261095
31·43,11·107,1,0.00011775788977861517,0.006005652378709373,0.017899199246349504,1.0954592363261095
7·79,11·167,2,0.00023551577955723034,0.020372114931700425,0.010598210080075365,1.090815671162492
7·7,11·227,27,0.0031794630240226094,0.4347621290626472,0.0067121997173810646,1.089525004276672
7·127,11·71,3,0.0003532736693358455,0.010598210080075365,0.030617051342439944,1.0887179487179488
7·19,23·47,24,0.002826189354686764,0.12823834196891193,0.02025435704192181,1.088090204369274
7·31,11·179,6,0.000706547338671691,0.06818181818181818,0.009538389072067829,1.08641975308642
7·31,11·239,4,0.0004710315591144607,0.06818181818181818,0.006358926048045219,1.08641975308642
7·151,11·59,3,0.0003532736693358455,0.008243052284503062,0.03944889307583608,1.0863965884861408
19·19,11·59,13,0.0015308525671219972,0.03579839849269901,0.03944889307583608,1.08401413982718
7·67,11·23,29,0.0034149788035798398,0.025435704192180875,0.12388130004710315,1.0837734121954654
19·31,11·11,51,0.006005652378709373,0.018605746585021198,0.29898728214790393,1.0795937800688997
7·31,11·47,32,0.0037682524729156855,0.06818181818181818,0.051224682053697596,1.0789272030651342
7·19,11·107,21,0.0024729156853509184,0.12823834196891193,0.017899199246349504,1.0773524720893142
7·31,11·71,19,0.002237399905793688,0.06818181818181818,0.030617051342439944,1.0717948717948718
7·19,11·59,46,0.0054168629298162975,0.12823834196891193,0.03944889307583608,1.070767375244987
7·19,23·71,14,0.0016486104569006124,0.12823834196891193,0.012011304757418746,1.0703109526638939
7·67,11·191,2,0.00023551577955723034,0.025435704192180875,0.008714083843617522,1.0625625625625628
7·163,23·59,1,0.00011775788977861517,0.007536504945831371,0.014719736222326895,1.0615
19·31,11·107,3,0.0003532736693358455,0.018605746585021198,0.017899199246349504,1.060792804796802
7·19,23·59,17,0.0020018841262364577,0.12823834196891193,0.014719736222326895,1.0605252525252524
7·7,23·71,47,0.005534620819594913,0.4347621290626472,0.012011304757418746,1.0598538440294862
7·19,11·131,16,0.0018841262364578427,0.12823834196891193,0.013895430993876589,1.0573531929464133
19·19,23·23,16,0.0018841262364578427,0.03579839849269901,0.049811587376354216,1.0566131641159637
19·67,11·107,1,0.00011775788977861517,0.006241168158266604,0.017899199246349504,1.054121151936445
19·31,23·71,2,0.00023551577955723034,0.018605746585021198,0.012011304757418746,1.0538595184909407
7·103,11·71,4,0.0004710315591144607,0.01460197833254828,0.030617051342439944,1.0535980148883375
7·31,11·59,24,0.002826189354686764,0.06818181818181818,0.03944889307583608,1.0507462686567166
7·19,11·71,35,0.004121526142251531,0.12823834196891193,0.030617051342439944,1.0497280497280497
7·43,11·23,49,0.005770136599152143,0.04439472444653792,0.12388130004710315,1.0491775171203517
7·127,11·167,1,0.00011775788977861517,0.010598210080075365,0.010598210080075365,1.048395061728395
7·43,23·83,4,0.0004710315591144607,0.04439472444653792,0.010127178520960905,1.0476836715810252
19·43,11·179,1,0.00011775788977861517,0.011893546867640131,0.009538389072067829,1.0380149126023714
7·67,11·11,67,0.007889778615167216,0.025435704192180875,0.29898728214790393,1.0374527737662829
7·67,11·107,4,0.0004710315591144607,0.025435704192180875,0.017899199246349504,1.0346003898635479
19·19,11·179,3,0.0003532736693358455,0.03579839849269901,0.009538389072067829,1.0346003898635479
19·19,11·239,2,0.00023551577955723034,0.03579839849269901,0.006358926048045219,1.0346003898635479
7·31,11·83,15,0.0017663683466792276,0.06818181818181818,0.02508243052284503,1.0328638497652582
7·199,23·47,1,0.00011775788977861517,0.005652378709373528,0.02025435704192181,1.0285852713178294
7·151,11·131,1,0.00011775788977861517,0.008243052284503062,0.013895430993876589,1.0280871670702179
19·19,11·47,16,0.0018841262364578427,0.03579839849269901,0.051224682053697596,1.0274652147610406
7·79,11·11,53,0.006241168158266604,0.020372114931700425,0.29898728214790393,1.0246535548336129
7·31,23·83,6,0.000706547338671691,0.06818181818181818,0.010127178520960905,1.0232558139534884
31·31,23·71,1,0.00011775788977861517,0.009656146961846444,0.012011304757418746,1.0153036824485893
7·139,23·71,1,0.00011775788977861517,0.009656146961846444,0.012011304757418746,1.0153036824485893
7·7,11·131,52,0.006123410268487989,0.4347621290626472,0.013895430993876589,1.013607066125567
19·19,11·11,92,0.010833725859632595,0.03579839849269901,0.29898728214790393,1.012188802056342
7·7,23·59,55,0.006476683937823834,0.4347621290626472,0.014719736222326895,1.0120476706392199
7·43,11·59,15,0.0017663683466792276,0.04439472444653792,0.03944889307583608,1.0085909972683005
7·103,47·47,1,0.00011775788977861517,0.01460197833254828,0.00800753650494583,1.0071157495256169
7·31,23·23,29,0.0034149788035798398,0.06818181818181818,0.049811587376354216,1.0055161544523248
7·43,11·167,4,0.0004710315591144607,0.04439472444653792,0.010598210080075365,1.0011199528440908
7·67,11·131,3,0.0003532736693358455,0.025435704192180875,0.013895430993876589,0.9995291902071564
7·7,11·107,66,0.007772020725388601,0.4347621290626472,0.017899199246349504,0.9987312539202828
19·31,11·239,1,0.00011775788977861517,0.018605746585021198,0.006358926048045219,0.9953117674636662
7·43,47·47,3,0.0003532736693358455,0.04439472444653792,0.00800753650494583,0.9937587767202373
7·19,11·83,27,0.0031794630240226094,0.12823834196891193,0.02508243052284503,0.9884763124199742
7·7,11·83,91,0.01071596796985398,0.4347621290626472,0.02508243052284503,0.982675395093566
19·43,23·83,1,0.00011775788977861517,0.011893546867640131,0.010127178520960905,0.9776652083813033
7·7,23·47,73,0.008596325953838907,0.4347621290626472,0.02025435704192181,0.9762087732117211
7·43,11·11,110,0.012953367875647668,0.04439472444653792,0.29898728214790393,0.9758849481249012
19·19,23·83,3,0.0003532736693358455,0.03579839849269901,0.010127178520960905,0.9744492044063647
7·67,11·179,2,0.00023551577955723034,0.025435704192180875,0.009538389072067829,0.9707361682670326
7·151,23·59,1,0.00011775788977861517,0.008243052284503062,0.014719736222326895,0.9705142857142858
31·43,23·47,1,0.00011775788977861517,0.006005652378709373,0.02025435704192181,0.9680802553579572
7·103,11·83,3,0.0003532736693358455,0.01460197833254828,0.02508243052284503,0.9645615629259428
7·31,11·23,69,0.008125294394724446,0.06818181818181818,0.12388130004710315,0.9619771863117872
7·19,23·23,52,0.006123410268487989,0.12823834196891193,0.049811587376354216,0.9586169018793133
7·19,11·47,53,0.006241168158266604,0.12823834196891193,0.051224682053697596,0.9500986880297224
19·79,11·83,1,0.00011775788977861517,0.004945831370701837,0.02508243052284503,0.9492510619271183
19·31,11·227,1,0.00011775788977861517,0.018605746585021198,0.0067121997173810646,0.9429269375971575
19·43,11·167,1,0.00011775788977861517,0.011893546867640131,0.010598210080075365,0.9342134213421344
19·67,23·47,1,0.00011775788977861517,0.006241168158266604,0.02025435704192181,0.9315489249670907
19·19,11·167,3,0.0003532736693358455,0.03579839849269901,0.010598210080075365,0.931140350877193
7·31,11·11,161,0.018959020254357042,0.06818181818181818,0.29898728214790393,0.9300249442037548
7·7,11·71,105,0.012364578426754593,0.4347621290626472,0.030617051342439944,0.9288899074922911
7·211,11·83,1,0.00011775788977861517,0.005063589260480453,0.02508243052284503,0.92717545583579
19·31,23·107,1,0.00011775788977861517,0.018605746585021198,0.0068299576071596795,0.9266695766041029
7·103,11·191,1,0.00011775788977861517,0.01460197833254828,0.008714083843617522,0.9254577157802966
7·127,23·71,1,0.00011775788977861517,0.010598210080075365,0.012011304757418746,0.9250544662309369
7·79,11·239,1,0.00011775788977861517,0.020372114931700425,0.006358926048045219,0.9090130593020767
7·19,11·23,121,0.014248704663212436,0.12823834196891193,0.12388130004710315,0.8969159273341782
7·7,11·59,130,0.015308525671219972,0.4347621290626472,0.03944889307583608,0.8925793567374395
7·7,23·23,163,0.019194536033914272,0.4347621290626472,0.049811587376354216,0.8863301650236022
31·31,11·131,1,0.00011775788977861517,0.009656146961846444,0.013895430993876589,0.8776353865233568
7·139,11·131,1,0.00011775788977861517,0.009656146961846444,0.013895430993876589,0.8776353865233568
7·163,11·107,1,0.00011775788977861517,0.007536504945831371,0.017899199246349504,0.8729440789473684
7·7,11·47,165,0.019430051813471502,0.4347621290626472,0.051224682053697596,0.8724548884820861
7·79,11·227,1,0.00011775788977861517,0.020372114931700425,0.0067121997173810646,0.8611702667072305
7·19,11·11,278,0.03273669335845502,0.12823834196891193,0.29898728214790393,0.8538158266397731
7·79,23·107,1,0.00011775788977861517,0.020372114931700425,0.0068299576071596795,0.8463225034881403
7·103,11·179,1,0.00011775788977861517,0.01460197833254828,0.009538389072067829,0.8454798884906413
7·199,11·83,1,0.00011775788977861517,0.005652378709373528,0.02508243052284503,0.8305946791862284
31·31,23·59,1,0.00011775788977861517,0.009656146961846444,0.014719736222326895,0.8284878048780489
7·139,23·59,1,0.00011775788977861517,0.009656146961846444,0.014719736222326895,0.8284878048780489
19·43,23·71,1,0.00011775788977861517,0.011893546867640131,0.012011304757418746,0.8243059600077656
7·127,11·131,1,0.00011775788977861517,0.010598210080075365,0.013895430993876589,0.7996233521657251
7·151,11·107,1,0.00011775788977861517,0.008243052284503062,0.017899199246349504,0.7981203007518797
7·103,23·83,1,0.00011775788977861517,0.01460197833254828,0.010127178520960905,0.7963240810202551
19·31,47·47,1,0.00011775788977861517,0.018605746585021198,0.00800753650494583,0.7903946388682056
7·7,11·23,360,0.04239284032030146,0.4347621290626472,0.12388130004710315,0.7871093186789646
31·43,11·83,1,0.00011775788977861517,0.006005652378709373,0.02508243052284503,0.7817361686458623
19·79,11·71,1,0.00011775788977861517,0.004945831370701837,0.030617051342439944,0.7776556776556777
7·163,23·47,1,0.00011775788977861517,0.007536504945831371,0.02025435704192181,0.771438953488372
7·103,11·167,1,0.00011775788977861517,0.01460197833254828,0.010598210080075365,0.7609318996415771
7·211,11·71,1,0.00011775788977861517,0.005063589260480453,0.030617051342439944,0.7595706618962432
7·127,23·59,1,0.00011775788977861517,0.010598210080075365,0.014719736222326895,0.7548444444444445
19·67,11·83,1,0.00011775788977861517,0.006241168158266604,0.02508243052284503,0.7522366905837542
7·67,11·239,1,0.00011775788977861517,0.025435704192180875,0.006358926048045219,0.7280521262002745
19·31,11·191,1,0.00011775788977861517,0.018605746585021198,0.008714083843617522,0.7263085870680807
7·79,47·47,1,0.00011775788977861517,0.020372114931700425,0.00800753650494583,0.7218633117987079
7·7,11·11,787,0.09267545925577014,0.4347621290626472,0.29898728214790393,0.7129520541310699
19·43,11·131,1,0.00011775788977861517,0.011893546867640131,0.013895430993876589,0.7125356603456956
7·151,23·47,1,0.00011775788977861517,0.008243052284503062,0.02025435704192181,0.7053156146179401
7·67,11·227,1,0.00011775788977861517,0.025435704192180875,0.0067121997173810646,0.6897335932423653
31·31,11·107,1,0.00011775788977861517,0.009656146961846444,0.017899199246349504,0.6813222079589217
7·139,11·107,1,0.00011775788977861517,0.009656146961846444,0.017899199246349504,0.6813222079589217
7·199,11·71,1,0.00011775788977861517,0.005652378709373528,0.030617051342439944,0.680448717948718
7·67,23·107,1,0.00011775788977861517,0.025435704192180875,0.0068299576071596795,0.6778416347381866
19·43,23·59,1,0.00011775788977861517,0.011893546867640131,0.014719736222326895,0.6726336633663368
7·103,23·71,1,0.00011775788977861517,0.01460197833254828,0.012011304757418746,0.6714104996837446
19·31,11·179,1,0.00011775788977861517,0.018605746585021198,0.009538389072067829,0.6635411783091109
7·79,11·191,1,0.00011775788977861517,0.020372114931700425,0.008714083843617522,0.6633338540852991
19·31,23·83,1,0.00011775788977861517,0.018605746585021198,0.010127178520960905,0.6249632028260229
7·79,11·179,1,0.00011775788977861517,0.020372114931700425,0.009538389072067829,0.6060087062013844
19·31,11·167,1,0.00011775788977861517,0.018605746585021198,0.010598210080075365,0.5971870604781997
