n,e,a1,a2,b1,b2,c1,c2,abc_block,P_A,P_B,P_C,R_A,R_B,R_C,Excitation,Faktorisierung,theta_sum_mod_2pi,wedge_sum,wedge_norm_sum
1926925,13,5,5,7,7,11,11,148225,25,49,121,1.0,1.0,1.0,grundzustand,13 * 5 * 5 * 7 * 7 * 11 * 11,3.19709115883551,10.0,1.2615384615384615
4029025,13,5,5,7,7,11,23,309925,25,49,253,1.0,1.0,2.090909090909091,C-excitation,13 * 5 * 5 * 7 * 7 * 11 * 23,3.19709115883551,10.0,1.2615384615384615
5230225,13,5,5,7,19,11,11,402325,25,133,121,1.0,2.7142857142857144,1.0,B-excitation,13 * 5 * 5 * 7 * 19 * 11 * 11,3.19709115883551,10.0,1.2615384615384615
5484325,37,5,5,7,7,11,11,148225,25,49,121,1.0,1.0,1.0,grundzustand,37 * 5 * 5 * 7 * 7 * 11 * 11,3.6199450849684505,10.0,0.9621621621621622
6551545,13,5,17,7,7,11,11,503965,85,49,121,3.4,1.0,1.0,A-excitation,13 * 5 * 17 * 7 * 7 * 11 * 11,3.4157601047094523,12.0,1.0968325791855205
8233225,13,5,5,7,7,11,47,633325,25,49,517,1.0,1.0,4.2727272727272725,C-excitation,13 * 5 * 5 * 7 * 7 * 11 * 47,3.19709115883551,10.0,1.2615384615384615
8424325,13,5,5,7,7,23,23,648025,25,49,529,1.0,1.0,4.371900826446281,C-doppel,13 * 5 * 5 * 7 * 7 * 23 * 23,3.19709115883551,10.0,1.2615384615384615
8533525,13,5,5,7,31,11,11,656425,25,217,121,1.0,4.428571428571429,1.0,B-excitation,13 * 5 * 5 * 7 * 31 * 11 * 11,3.19709115883551,10.0,1.2615384615384615
9041725,61,5,5,7,7,11,11,148225,25,49,121,1.0,1.0,1.0,grundzustand,61 * 5 * 5 * 7 * 7 * 11 * 11,3.0903554861863745,34.0,1.2918032786885245
10335325,13,5,5,7,7,11,59,795025,25,49,649,1.0,1.0,5.363636363636363,C-excitation,13 * 5 * 5 * 7 * 7 * 11 * 59,3.19709115883551,10.0,1.2615384615384615
10820425,73,5,5,7,7,11,11,148225,25,49,121,1.0,1.0,1.0,grundzustand,73 * 5 * 5 * 7 * 7 * 11 * 11,3.426323092112505,28.0,1.1287671232876713
10935925,13,5,5,7,19,11,23,841225,25,133,253,1.0,2.7142857142857144,2.090909090909091,B+C-multi,13 * 5 * 5 * 7 * 19 * 11 * 23,3.19709115883551,10.0,1.2615384615384615
11176165,13,5,29,7,7,11,11,859705,145,49,121,5.8,1.0,1.0,A-excitation,13 * 5 * 29 * 7 * 7 * 11 * 11,3.2802323907239512,18.0,1.2063660477453582
11467225,37,5,5,7,7,11,23,309925,25,49,253,1.0,1.0,2.090909090909091,C-excitation,37 * 5 * 5 * 7 * 7 * 11 * 23,3.6199450849684505,10.0,0.9621621621621622
11836825,13,5,5,7,43,11,11,910525,25,301,121,1.0,6.142857142857143,1.0,B-excitation,13 * 5 * 5 * 7 * 43 * 11 * 11,3.19709115883551,10.0,1.2615384615384615
12437425,13,5,5,7,7,11,71,956725,25,49,781,1.0,1.0,6.454545454545454,C-excitation,13 * 5 * 5 * 7 * 7 * 11 * 71,3.19709115883551,10.0,1.2615384615384615
13698685,13,5,17,7,7,11,23,1053745,85,49,253,3.4,1.0,2.090909090909091,A+C-multi,13 * 5 * 17 * 7 * 7 * 11 * 23,3.4157601047094523,12.0,1.0968325791855205
14196325,13,5,5,19,19,11,11,1092025,25,361,121,1.0,7.36734693877551,1.0,B-excitation,13 * 5 * 5 * 19 * 19 * 11 * 11,3.19709115883551,10.0,1.2615384615384615
14377825,97,5,5,7,7,11,11,148225,25,49,121,1.0,1.0,1.0,grundzustand,97 * 5 * 5 * 7 * 7 * 11 * 11,3.366869432803848,40.0,1.1711340206185568
14539525,13,5,5,7,7,11,83,1118425,25,49,913,1.0,1.0,7.545454545454546,C-excitation,13 * 5 * 5 * 7 * 7 * 11 * 83,3.19709115883551,10.0,1.2615384615384615
14886025,37,5,5,7,19,11,11,402325,25,133,121,1.0,2.7142857142857144,1.0,B-excitation,37 * 5 * 5 * 7 * 19 * 11 * 11,3.6199450849684505,10.0,0.9621621621621622
15800785,13,5,41,7,7,11,11,1215445,205,49,121,8.2,1.0,1.0,A-excitation,13 * 5 * 41 * 7 * 7 * 11 * 11,2.9859978256127633,28.0,1.349343339587242
16156525,109,5,5,7,7,11,11,148225,25,49,121,1.0,1.0,1.0,grundzustand,109 * 5 * 5 * 7 * 7 * 11 * 11,3.4936369679052106,34.0,1.075229357798165
17214925,13,5,5,7,7,23,47,1324225,25,49,1081,1.0,1.0,8.933884297520661,C-excitation,13 * 5 * 5 * 7 * 7 * 23 * 47,3.19709115883551,10.0,1.2615384615384615
17782765,13,5,17,7,19,11,11,1367905,85,133,121,3.4,2.7142857142857144,1.0,A+B-multi,13 * 5 * 17 * 7 * 19 * 11 * 11,3.4157601047094523,12.0,1.0968325791855205
17842825,13,5,5,7,31,11,23,1372525,25,217,253,1.0,4.428571428571429,2.090909090909091,B+C-multi,13 * 5 * 5 * 7 * 31 * 11 * 23,3.19709115883551,10.0,1.2615384615384615
18443425,13,5,5,7,67,11,11,1418725,25,469,121,1.0,9.571428571428571,1.0,B-excitation,13 * 5 * 5 * 7 * 67 * 11 * 11,3.19709115883551,10.0,1.2615384615384615
18646705,37,5,17,7,7,11,11,503965,85,49,121,3.4,1.0,1.0,A-excitation,37 * 5 * 17 * 7 * 7 * 11 * 11,3.8386140308423924,12.0,0.7974562798092211
18743725,13,5,5,7,7,11,107,1441825,25,49,1177,1.0,1.0,9.727272727272727,C-excitation,13 * 5 * 5 * 7 * 7 * 11 * 107,3.19709115883551,10.0,1.2615384615384615
18905425,61,5,5,7,7,11,23,309925,25,49,253,1.0,1.0,2.090909090909091,C-excitation,61 * 5 * 5 * 7 * 7 * 11 * 23,3.0903554861863745,34.0,1.2918032786885245
20425405,13,5,53,7,7,11,11,1571185,265,49,121,10.6,1.0,1.0,A-excitation,13 * 5 * 53 * 7 * 7 * 11 * 11,3.382439108831205,22.0,1.125689404934688
21610225,13,5,5,7,7,23,59,1662325,25,49,1357,1.0,1.0,11.214876033057852,C-excitation,13 * 5 * 5 * 7 * 7 * 23 * 59,3.19709115883551,10.0,1.2615384615384615
21746725,13,5,5,7,79,11,11,1672825,25,553,121,1.0,11.285714285714286,1.0,B-excitation,13 * 5 * 5 * 7 * 79 * 11 * 11,3.19709115883551,10.0,1.2615384615384615
22275253,13,17,17,7,7,11,11,1713481,289,49,121,11.56,1.0,1.0,A-excitation,13 * 17 * 17 * 7 * 7 * 11 * 11,3.6344290505833943,14.0,0.9321266968325792
22347325,13,5,5,7,19,11,47,1719025,25,133,517,1.0,2.7142857142857144,4.2727272727272725,B+C-multi,13 * 5 * 5 * 7 * 19 * 11 * 47,3.19709115883551,10.0,1.2615384615384615
22624525,73,5,5,7,7,11,23,309925,25,49,253,1.0,1.0,2.090909090909091,C-excitation,73 * 5 * 5 * 7 * 7 * 11 * 23,3.426323092112505,28.0,1.1287671232876713
22866025,13,5,5,7,19,23,23,1758925,25,133,529,1.0,2.7142857142857144,4.371900826446281,B+C-multi,13 * 5 * 5 * 7 * 19 * 23 * 23,3.19709115883551,10.0,1.2615384615384615
22947925,13,5,5,7,7,11,131,1765225,25,49,1441,1.0,1.0,11.909090909090908,C-excitation,13 * 5 * 5 * 7 * 7 * 11 * 131,3.19709115883551,10.0,1.2615384615384615
23162425,13,5,5,19,31,11,11,1781725,25,589,121,1.0,12.020408163265307,1.0,B-excitation,13 * 5 * 5 * 19 * 31 * 11 * 11,3.19709115883551,10.0,1.2615384615384615
23271325,157,5,5,7,7,11,11,148225,25,49,121,1.0,1.0,1.0,grundzustand,157 * 5 * 5 * 7 * 7 * 11 * 11,3.2857470407029474,70.0,1.2203821656050957
23368345,13,5,29,7,7,11,23,1797565,145,49,253,5.8,1.0,2.090909090909091,A+C-multi,13 * 5 * 29 * 7 * 7 * 11 * 23,3.2802323907239512,18.0,1.2063660477453582
23433025,37,5,5,7,7,11,47,633325,25,49,517,1.0,1.0,4.2727272727272725,C-excitation,37 * 5 * 5 * 7 * 7 * 11 * 47,3.6199450849684505,10.0,0.9621621621621622
23976925,37,5,5,7,7,23,23,648025,25,49,529,1.0,1.0,4.371900826446281,C-doppel,37 * 5 * 5 * 7 * 7 * 23 * 23,3.6199450849684505,10.0,0.9621621621621622
24287725,37,5,5,7,31,11,11,656425,25,217,121,1.0,4.428571428571429,1.0,B-excitation,37 * 5 * 5 * 7 * 31 * 11 * 11,3.6199450849684505,10.0,0.9621621621621622
24541825,61,5,5,7,19,11,11,402325,25,133,121,1.0,2.7142857142857144,1.0,B-excitation,61 * 5 * 5 * 7 * 19 * 11 * 11,3.0903554861863745,34.0,1.2918032786885245
24749725,13,5,5,7,43,11,23,1903825,25,301,253,1.0,6.142857142857143,2.090909090909091,B+C-multi,13 * 5 * 5 * 7 * 43 * 11 * 23,3.19709115883551,10.0,1.2615384615384615
26005525,13,5,5,7,7,23,71,2000425,25,49,1633,1.0,1.0,13.49586776859504,C-excitation,13 * 5 * 5 * 7 * 7 * 23 * 71,3.19709115883551,10.0,1.2615384615384615
26828725,181,5,5,7,7,11,11,148225,25,49,121,1.0,1.0,1.0,grundzustand,181 * 5 * 5 * 7 * 7 * 11 * 11,3.0522786605965706,94.0,1.2972375690607736
27992965,13,5,17,7,7,11,47,2153305,85,49,517,3.4,1.0,4.2727272727272725,A+C-multi,13 * 5 * 17 * 7 * 7 * 11 * 47,3.4157601047094523,12.0,1.0968325791855205
28053025,13,5,5,7,19,11,59,2157925,25,133,649,1.0,2.7142857142857144,5.363636363636363,B+C-multi,13 * 5 * 5 * 7 * 19 * 11 * 59,3.19709115883551,10.0,1.2615384615384615
28353325,13,5,5,7,103,11,11,2181025,25,721,121,1.0,14.714285714285714,1.0,B-excitation,13 * 5 * 5 * 7 * 103 * 11 * 11,3.19709115883551,10.0,1.2615384615384615
28607425,193,5,5,7,7,11,11,148225,25,49,121,1.0,1.0,1.0,grundzustand,193 * 5 * 5 * 7 * 7 * 11 * 11,3.257019313956718,88.0,1.2352331606217617
28642705,13,5,17,7,7,23,23,2203285,85,49,529,3.4,1.0,4.371900826446281,A+C-multi,13 * 5 * 17 * 7 * 7 * 23 * 23,3.4157601047094523,12.0,1.0968325791855205
29013985,13,5,17,7,31,11,11,2231845,85,217,121,3.4,4.428571428571429,1.0,A+B-multi,13 * 5 * 17 * 7 * 31 * 11 * 11,3.4157601047094523,12.0,1.0968325791855205
29254225,13,5,5,7,7,11,167,2250325,25,49,1837,1.0,1.0,15.181818181818182,C-excitation,13 * 5 * 5 * 7 * 7 * 11 * 167,3.19709115883551,10.0,1.2615384615384615
29369725,73,5,5,7,19,11,11,402325,25,133,121,1.0,2.7142857142857144,1.0,B-excitation,73 * 5 * 5 * 7 * 19 * 11 * 11,3.426323092112505,28.0,1.1287671232876713
29415925,37,5,5,7,7,11,59,795025,25,49,649,1.0,1.0,5.363636363636363,C-excitation,37 * 5 * 5 * 7 * 7 * 11 * 59,3.6199450849684505,10.0,0.9621621621621622
29683225,13,5,5,19,19,11,23,2283325,25,361,253,1.0,7.36734693877551,2.090909090909091,B+C-multi,13 * 5 * 5 * 19 * 19 * 11 * 23,3.19709115883551,10.0,1.2615384615384615
30062725,97,5,5,7,7,11,23,309925,25,49,253,1.0,1.0,2.090909090909091,C-excitation,97 * 5 * 5 * 7 * 7 * 11 * 23,3.366869432803848,40.0,1.1711340206185568
30335305,13,5,29,7,19,11,11,2333485,145,133,121,5.8,2.7142857142857144,1.0,A+B-multi,13 * 5 * 29 * 7 * 19 * 11 * 11,3.2802323907239512,18.0,1.2063660477453582
30400825,13,5,5,7,7,23,83,2338525,25,49,1909,1.0,1.0,15.776859504132231,C-excitation,13 * 5 * 5 * 7 * 7 * 23 * 83,3.19709115883551,10.0,1.2615384615384615
30741865,61,5,17,7,7,11,11,503965,85,49,121,3.4,1.0,1.0,A-excitation,61 * 5 * 17 * 7 * 7 * 11 * 11,3.3090244320603164,36.0,1.1270973963355835
31125325,37,5,5,7,19,11,23,841225,25,133,253,1.0,2.7142857142857144,2.090909090909091,B+C-multi,37 * 5 * 5 * 7 * 19 * 11 * 23,3.6199450849684505,10.0,0.9621621621621622
31356325,13,5,5,7,7,11,179,2412025,25,49,1969,1.0,1.0,16.272727272727273,C-excitation,13 * 5 * 5 * 7 * 7 * 11 * 179,3.19709115883551,10.0,1.2615384615384615
31809085,37,5,29,7,7,11,11,859705,145,49,121,5.8,1.0,1.0,A-excitation,37 * 5 * 29 * 7 * 7 * 11 * 11,3.7030863168568917,18.0,0.9069897483690588
32128525,13,5,5,19,43,11,11,2471425,25,817,121,1.0,16.6734693877551,1.0,B-excitation,13 * 5 * 5 * 19 * 43 * 11 * 11,3.19709115883551,10.0,1.2615384615384615
33038005,13,5,41,7,7,11,23,2541385,205,49,253,8.2,1.0,2.090909090909091,A+C-multi,13 * 5 * 41 * 7 * 7 * 11 * 23,2.9859978256127633,28.0,1.349343339587242
33458425,13,5,5,7,7,11,191,2573725,25,49,2101,1.0,1.0,17.363636363636363,C-excitation,13 * 5 * 5 * 7 * 7 * 11 * 191,3.19709115883551,10.0,1.2615384615384615
33689425,37,5,5,7,43,11,11,910525,25,301,121,1.0,6.142857142857143,1.0,B-excitation,37 * 5 * 5 * 7 * 43 * 11 * 11,3.6199450849684505,10.0,0.9621621621621622
33758725,13,5,5,7,19,11,71,2596825,25,133,781,1.0,2.7142857142857144,6.454545454545454,B+C-multi,13 * 5 * 5 * 7 * 19 * 11 * 71,3.19709115883551,10.0,1.2615384615384615
33781825,109,5,5,7,7,11,23,309925,25,49,253,1.0,1.0,2.090909090909091,C-excitation,109 * 5 * 5 * 7 * 7 * 11 * 23,3.4936369679052106,34.0,1.075229357798165
33943525,229,5,5,7,7,11,11,148225,25,49,121,1.0,1.0,1.0,grundzustand,229 * 5 * 5 * 7 * 7 * 11 * 11,3.6525422300864037,34.0,0.9310043668122271
34299265,13,5,89,7,7,11,11,2638405,445,49,121,17.8,1.0,1.0,A-excitation,13 * 5 * 89 * 7 * 7 * 11 * 11,3.1021394524927537,48.0,1.3109766637856526
34959925,13,5,5,7,127,11,11,2689225,25,889,121,1.0,18.142857142857142,1.0,B-excitation,13 * 5 * 5 * 7 * 127 * 11 * 11,3.19709115883551,10.0,1.2615384615384615
35140105,13,5,17,7,7,11,59,2703085,85,49,649,3.4,1.0,5.363636363636363,A+C-multi,13 * 5 * 17 * 7 * 7 * 11 * 59,3.4157601047094523,12.0,1.0968325791855205
35178325,13,5,5,7,7,47,47,2706025,25,49,2209,1.0,1.0,18.25619834710744,C-doppel,13 * 5 * 5 * 7 * 7 * 47 * 47,3.19709115883551,10.0,1.2615384615384615
35398825,37,5,5,7,7,11,71,956725,25,49,781,1.0,1.0,6.454545454545454,C-excitation,37 * 5 * 5 * 7 * 7 * 11 * 71,3.6199450849684505,10.0,0.9621621621621622
35722225,241,5,5,7,7,11,11,148225,25,49,121,1.0,1.0,1.0,grundzustand,241 * 5 * 5 * 7 * 7 * 11 * 11,3.5244913706357366,64.0,1.0489626556016598
36461425,13,5,5,7,31,11,47,2804725,25,217,517,1.0,4.428571428571429,4.2727272727272725,B+C-multi,13 * 5 * 5 * 7 * 31 * 11 * 47,3.19709115883551,10.0,1.2615384615384615
36789445,73,5,17,7,7,11,11,503965,85,49,121,3.4,1.0,1.0,A-excitation,73 * 5 * 17 * 7 * 7 * 11 * 11,3.644992037986447,30.0,0.96406124093473
37182145,13,5,17,7,19,11,23,2860165,85,133,253,3.4,2.7142857142857144,2.090909090909091,A+B+C-multi,13 * 5 * 17 * 7 * 19 * 11 * 23,3.4157601047094523,12.0,1.0968325791855205
37307725,13,5,5,7,31,23,23,2869825,25,217,529,1.0,4.428571428571429,4.371900826446281,B+C-multi,13 * 5 * 5 * 7 * 31 * 23 * 23,3.19709115883551,10.0,1.2615384615384615
37791325,13,5,5,31,31,11,11,2907025,25,961,121,1.0,19.612244897959183,1.0,B-excitation,13 * 5 * 5 * 31 * 31 * 11 * 11,3.19709115883551,10.0,1.2615384615384615
37998961,13,17,29,7,7,11,11,2922997,493,49,121,19.72,1.0,1.0,A-excitation,13 * 17 * 29 * 7 * 7 * 11 * 11,3.498901336597893,20.0,1.041660165392417
38263225,13,5,5,7,139,11,11,2943325,25,973,121,1.0,19.857142857142858,1.0,B-excitation,13 * 5 * 5 * 7 * 139 * 11 * 11,3.19709115883551,10.0,1.2615384615384615
38563525,13,5,5,7,67,11,23,2966425,25,469,253,1.0,9.571428571428571,2.090909090909091,B+C-multi,13 * 5 * 5 * 7 * 67 * 11 * 23,3.19709115883551,10.0,1.2615384615384615
38632825,61,5,5,7,7,11,47,633325,25,49,517,1.0,1.0,4.2727272727272725,C-excitation,61 * 5 * 5 * 7 * 7 * 11 * 47,3.0903554861863745,34.0,1.2918032786885245
38923885,13,5,101,7,7,11,11,2994145,505,49,121,20.2,1.0,1.0,A-excitation,13 * 5 * 101 * 7 * 7 * 11 * 11,3.5610701153451543,18.0,0.9605483625285606
38988565,37,5,17,7,7,11,23,1053745,85,49,253,3.4,1.0,2.090909090909091,A+C-multi,37 * 5 * 17 * 7 * 7 * 11 * 23,3.8386140308423924,12.0,0.7974562798092211
39025525,97,5,5,7,19,11,11,402325,25,133,121,1.0,2.7142857142857144,1.0,B-excitation,97 * 5 * 5 * 7 * 19 * 11 * 11,3.366869432803848,40.0,1.1711340206185568
39191425,13,5,5,7,7,23,107,3014725,25,49,2461,1.0,1.0,20.33884297520661,C-excitation,13 * 5 * 5 * 7 * 7 * 23 * 107,3.19709115883551,10.0,1.2615384615384615
39464425,13,5,5,7,19,11,83,3035725,25,133,913,1.0,2.7142857142857144,7.545454545454546,B+C-multi,13 * 5 * 5 * 7 * 19 * 11 * 83,3.19709115883551,10.0,1.2615384615384615
39529525,61,5,5,7,7,23,23,648025,25,49,529,1.0,1.0,4.371900826446281,C-doppel,61 * 5 * 5 * 7 * 7 * 23 * 23,3.0903554861863745,34.0,1.2918032786885245
39764725,13,5,5,7,7,11,227,3058825,25,49,2497,1.0,1.0,20.636363636363637,C-excitation,13 * 5 * 5 * 7 * 7 * 11 * 227,3.19709115883551,10.0,1.2615384615384615
40041925,61,5,5,7,31,11,11,656425,25,217,121,1.0,4.428571428571429,1.0,B-excitation,61 * 5 * 5 * 7 * 31 * 11 * 11,3.0903554861863745,34.0,1.2918032786885245
40245205,13,5,17,7,43,11,11,3095785,85,301,121,3.4,6.142857142857143,1.0,A+B-multi,13 * 5 * 17 * 7 * 43 * 11 * 11,3.4157601047094523,12.0,1.0968325791855205
40404925,37,5,5,19,19,11,11,1092025,25,361,121,1.0,7.36734693877551,1.0,B-excitation,37 * 5 * 5 * 19 * 19 * 11 * 11,3.6199450849684505,10.0,0.9621621621621622
41058325,277,5,5,7,7,11,11,148225,25,49,121,1.0,1.0,1.0,grundzustand,277 * 5 * 5 * 7 * 7 * 11 * 11,3.2137562825494506,130.0,1.2548736462093864
41381725,37,5,5,7,7,11,83,1118425,25,49,913,1.0,1.0,7.545454545454546,C-excitation,37 * 5 * 5 * 7 * 7 * 11 * 83,3.6199450849684505,10.0,0.9621621621621622
41566525,13,5,5,7,151,11,11,3197425,25,1057,121,1.0,21.571428571428573,1.0,B-excitation,13 * 5 * 5 * 7 * 151 * 11 * 11,3.19709115883551,10.0,1.2615384615384615
41866825,13,5,5,7,7,11,239,3220525,25,49,2629,1.0,1.0,21.727272727272727,C-excitation,13 * 5 * 5 * 7 * 7 * 11 * 239,3.19709115883551,10.0,1.2615384615384615
42287245,13,5,17,7,7,11,71,3252865,85,49,781,3.4,1.0,6.454545454545454,A+C-multi,13 * 5 * 17 * 7 * 7 * 11 * 71,3.4157601047094523,12.0,1.0968325791855205
42707665,13,5,53,7,7,11,23,3285205,265,49,253,10.6,1.0,2.090909090909091,A+C-multi,13 * 5 * 53 * 7 * 7 * 11 * 23,3.382439108831205,22.0,1.125689404934688
42887845,13,5,41,7,19,11,11,3299065,205,133,121,8.2,2.7142857142857144,1.0,A+B-multi,13 * 5 * 41 * 7 * 19 * 11 * 11,2.9859978256127633,28.0,1.349343339587242
43548505,13,5,113,7,7,11,11,3349885,565,49,121,22.6,1.0,1.0,A-excitation,13 * 5 * 113 * 7 * 7 * 11 * 11,2.9419087682146916,64.0,1.3571136827773995
43853425,109,5,5,7,19,11,11,402325,25,133,121,1.0,2.7142857142857144,1.0,B-excitation,109 * 5 * 5 * 7 * 19 * 11 * 11,3.4936369679052106,34.0,1.075229357798165
43968925,13,5,5,7,7,11,251,3382225,25,49,2761,1.0,1.0,22.818181818181817,C-excitation,13 * 5 * 5 * 7 * 7 * 11 * 251,3.19709115883551,10.0,1.2615384615384615
44160025,13,5,5,7,7,47,59,3396925,25,49,2773,1.0,1.0,22.917355371900825,C-excitation,13 * 5 * 5 * 7 * 7 * 47 * 59,3.19709115883551,10.0,1.2615384615384615
44869825,13,5,5,7,163,11,11,3451525,25,1141,121,1.0,23.285714285714285,1.0,B-excitation,13 * 5 * 5 * 7 * 163 * 11 * 11,3.19709115883551,10.0,1.2615384615384615
44971465,37,5,41,7,7,11,11,1215445,205,49,121,8.2,1.0,1.0,A-excitation,37 * 5 * 41 * 7 * 7 * 11 * 11,3.408851751745704,28.0,1.0499670402109427
45470425,13,5,5,7,79,11,23,3497725,25,553,253,1.0,11.285714285714286,2.090909090909091,B+C-multi,13 * 5 * 5 * 7 * 79 * 11 * 23,3.19709115883551,10.0,1.2615384615384615
45770725,13,5,5,7,31,11,59,3520825,25,217,649,1.0,4.428571428571429,5.363636363636363,B+C-multi,13 * 5 * 5 * 7 * 31 * 11 * 59,3.19709115883551,10.0,1.2615384615384615
46071025,13,5,5,7,7,11,263,3543925,25,49,2893,1.0,1.0,23.90909090909091,C-excitation,13 * 5 * 5 * 7 * 7 * 11 * 263,3.19709115883551,10.0,1.2615384615384615
46232725,73,5,5,7,7,11,47,633325,25,49,517,1.0,1.0,4.2727272727272725,C-excitation,73 * 5 * 5 * 7 * 7 * 11 * 47,3.426323092112505,28.0,1.1287671232876713
46394425,313,5,5,7,7,11,11,148225,25,49,121,1.0,1.0,1.0,grundzustand,313 * 5 * 5 * 7 * 7 * 11 * 11,3.0396742861089194,160.0,1.2984025559105432
46575529,13,17,17,7,7,11,23,3582733,289,49,253,11.56,1.0,2.090909090909091,A+C-multi,13 * 17 * 17 * 7 * 7 * 11 * 23,3.6344290505833943,14.0,0.9321266968325792
46726225,13,5,5,7,19,23,47,3594325,25,133,1081,1.0,2.7142857142857144,8.933884297520661,B+C-multi,13 * 5 * 5 * 7 * 19 * 23 * 47,3.19709115883551,10.0,1.2615384615384615
47305825,73,5,5,7,7,23,23,648025,25,49,529,1.0,1.0,4.371900826446281,C-doppel,73 * 5 * 5 * 7 * 7 * 23 * 23,3.426323092112505,28.0,1.1287671232876713
47752705,13,5,29,7,7,11,47,3673285,145,49,517,5.8,1.0,4.2727272727272725,A+C-multi,13 * 5 * 29 * 7 * 7 * 11 * 47,3.2802323907239512,18.0,1.2063660477453582
47919025,73,5,5,7,31,11,11,656425,25,217,121,1.0,4.428571428571429,1.0,B-excitation,73 * 5 * 5 * 7 * 31 * 11 * 11,3.426323092112505,28.0,1.1287671232876713
47982025,13,5,5,7,7,23,131,3690925,25,49,3013,1.0,1.0,24.90082644628099,C-excitation,13 * 5 * 5 * 7 * 7 * 23 * 131,3.19709115883551,10.0,1.2615384615384615
48267505,13,5,17,19,19,11,11,3712885,85,361,121,3.4,7.36734693877551,1.0,A+B-multi,13 * 5 * 17 * 19 * 19 * 11 * 11,3.4157601047094523,12.0,1.0968325791855205
48430525,13,5,5,19,31,11,23,3725425,25,589,253,1.0,12.020408163265307,2.090909090909091,B+C-multi,13 * 5 * 5 * 19 * 31 * 11 * 23,3.19709115883551,10.0,1.2615384615384615
48496525,61,5,5,7,7,11,59,795025,25,49,649,1.0,1.0,5.363636363636363,C-excitation,61 * 5 * 5 * 7 * 7 * 11 * 59,3.0903554861863745,34.0,1.2918032786885245
48658225,157,5,5,7,7,11,23,309925,25,49,253,1.0,1.0,2.090909090909091,C-excitation,157 * 5 * 5 * 7 * 7 * 11 * 23,3.2857470407029474,70.0,1.2203821656050957
48861085,13,5,29,7,7,23,23,3758545,145,49,529,5.8,1.0,4.371900826446281,A+C-multi,13 * 5 * 29 * 7 * 7 * 23 * 23,3.2802323907239512,18.0,1.2063660477453582
48884605,97,5,17,7,7,11,11,503965,85,49,121,3.4,1.0,1.0,A-excitation,97 * 5 * 17 * 7 * 7 * 11 * 11,3.58553837867779,42.0,1.0064281382656155
48996325,37,5,5,7,7,23,47,1324225,25,49,1081,1.0,1.0,8.933884297520661,C-excitation,37 * 5 * 5 * 7 * 7 * 23 * 47,3.6199450849684505,10.0,0.9621621621621622
49434385,13,5,17,7,7,11,83,3802645,85,49,913,3.4,1.0,7.545454545454546,A+C-multi,13 * 5 * 17 * 7 * 7 * 11 * 83,3.4157601047094523,12.0,1.0968325791855205
49494445,13,5,29,7,31,11,11,3807265,145,217,121,5.8,4.428571428571429,1.0,A+B-multi,13 * 5 * 29 * 7 * 31 * 11 * 11,3.2802323907239512,18.0,1.2063660477453582
49951825,337,5,5,7,7,11,11,148225,25,49,121,1.0,1.0,1.0,grundzustand,337 * 5 * 5 * 7 * 7 * 11 * 11,3.2727043020723396,148.0,1.2272997032640949
50060725,13,5,5,19,67,11,11,3850825,25,1273,121,1.0,25.979591836734695,1.0,B-excitation,13 * 5 * 5 * 19 * 67 * 11 * 11,3.19709115883551,10.0,1.2615384615384615
50575525,13,5,5,7,43,11,47,3890425,25,301,517,1.0,6.142857142857143,4.2727272727272725,B+C-multi,13 * 5 * 5 * 7 * 43 * 11 * 47,3.19709115883551,10.0,1.2615384615384615
50612485,37,5,17,7,19,11,11,1367905,85,133,121,3.4,2.7142857142857144,1.0,A+B-multi,37 * 5 * 17 * 7 * 19 * 11 * 11,3.8386140308423924,12.0,0.7974562798092211
50783425,37,5,5,7,31,11,23,1372525,25,217,253,1.0,4.428571428571429,2.090909090909091,B+C-multi,37 * 5 * 5 * 7 * 31 * 11 * 23,3.6199450849684505,10.0,0.9621621621621622
50875825,13,5,5,7,19,11,107,3913525,25,133,1177,1.0,2.7142857142857144,9.727272727272727,B+C-multi,13 * 5 * 5 * 7 * 19 * 11 * 107,3.19709115883551,10.0,1.2615384615384615
51314725,61,5,5,7,19,11,23,841225,25,133,253,1.0,2.7142857142857144,2.090909090909091,B+C-multi,61 * 5 * 5 * 7 * 19 * 11 * 23,3.0903554861863745,34.0,1.2918032786885245
51730525,349,5,5,7,7,11,11,148225,25,49,121,1.0,1.0,1.0,grundzustand,349 * 5 * 5 * 7 * 7 * 11 * 11,3.514146912044657,94.0,1.0578796561604586
51749425,13,5,5,7,43,23,23,3980725,25,301,529,1.0,6.142857142857143,4.371900826446281,B+C-multi,13 * 5 * 5 * 7 * 43 * 23 * 23,3.19709115883551,10.0,1.2615384615384615
52420225,13,5,5,31,43,11,11,4032325,25,1333,121,1.0,27.20408163265306,1.0,B-excitation,13 * 5 * 5 * 31 * 43 * 11 * 11,3.19709115883551,10.0,1.2615384615384615
52442005,61,5,29,7,7,11,11,859705,145,49,121,5.8,1.0,1.0,A-excitation,61 * 5 * 29 * 7 * 7 * 11 * 11,3.1734967180748157,42.0,1.2366308648954212
52492825,37,5,5,7,67,11,11,1418725,25,469,121,1.0,9.571428571428571,1.0,B-excitation,37 * 5 * 5 * 7 * 67 * 11 * 11,3.6199450849684505,10.0,0.9621621621621622
52797745,13,5,137,7,7,11,11,4061365,685,49,121,27.4,1.0,1.0,A-excitation,13 * 5 * 137 * 7 * 7 * 11 * 11,3.311967764252409,52.0,1.1827063447501405
53141725,13,5,5,7,7,47,71,4087825,25,49,3337,1.0,1.0,27.578512396694215,C-excitation,13 * 5 * 5 * 7 * 7 * 47 * 71,3.19709115883551,10.0,1.2615384615384615
53347525,37,5,5,7,7,11,107,1441825,25,49,1177,1.0,1.0,9.727272727272727,C-excitation,37 * 5 * 5 * 7 * 7 * 11 * 107,3.6199450849684505,10.0,0.9621621621621622
53722669,13,17,41,7,7,11,11,4132513,697,49,121,27.88,1.0,1.0,A-excitation,13 * 17 * 41 * 7 * 7 * 11 * 11,3.204666771486705,30.0,1.1846374572343008
54479425,13,5,5,7,7,11,311,4190725,25,49,3421,1.0,1.0,28.272727272727273,C-excitation,13 * 5 * 5 * 7 * 7 * 11 * 311,3.19709115883551,10.0,1.2615384615384615
54779725,13,5,5,7,199,11,11,4213825,25,1393,121,1.0,28.428571428571427,1.0,B-excitation,13 * 5 * 5 * 7 * 199 * 11 * 11,3.19709115883551,10.0,1.2615384615384615
54932185,109,5,17,7,7,11,11,503965,85,49,121,3.4,1.0,1.0,A-excitation,109 * 5 * 17 * 7 * 7 * 11 * 11,3.7123059137791525,36.0,0.910523475445224
55080025,13,5,5,7,31,11,71,4236925,25,217,781,1.0,4.428571428571429,6.454545454545454,B+C-multi,13 * 5 * 5 * 7 * 31 * 11 * 71,3.19709115883551,10.0,1.2615384615384615
55287925,373,5,5,7,7,11,11,148225,25,49,121,1.0,1.0,1.0,grundzustand,373 * 5 * 5 * 7 * 7 * 11 * 11,3.4142024735704153,130.0,1.1378016085790885
55434925,13,5,5,7,7,59,59,4264225,25,49,3481,1.0,1.0,28.768595041322314,C-doppel,13 * 5 * 5 * 7 * 7 * 59 * 59,3.19709115883551,10.0,1.2615384615384615
55440385,13,5,53,7,19,11,11,4264645,265,133,121,10.6,2.7142857142857144,1.0,A+B-multi,13 * 5 * 53 * 7 * 19 * 11 * 11,3.382439108831205,22.0,1.125689404934688
55542025,61,5,5,7,43,11,11,910525,25,301,121,1.0,6.142857142857143,1.0,B-excitation,61 * 5 * 5 * 7 * 43 * 11 * 11,3.0903554861863745,34.0,1.2918032786885245
56096425,181,5,5,7,7,11,23,309925,25,49,253,1.0,1.0,2.090909090909091,C-excitation,181 * 5 * 5 * 7 * 7 * 11 * 23,3.0522786605965706,94.0,1.2972375690607736
57422365,13,5,149,7,7,11,11,4417105,745,49,121,29.8,1.0,1.0,A-excitation,13 * 5 * 149 * 7 * 7 * 11 * 11,3.0500128034471077,78.0,1.3313371192565824
58036825,73,5,5,7,7,11,59,795025,25,49,649,1.0,1.0,5.363636363636363,C-excitation,73 * 5 * 5 * 7 * 7 * 11 * 59,3.426323092112505,28.0,1.1287671232876713
58083025,13,5,5,7,211,11,11,4467925,25,1477,121,1.0,30.142857142857142,1.0,B-excitation,13 * 5 * 5 * 7 * 211 * 11 * 11,3.19709115883551,10.0,1.2615384615384615
58133845,37,5,53,7,7,11,11,1571185,265,49,121,10.6,1.0,1.0,A-excitation,37 * 5 * 53 * 7 * 7 * 11 * 11,3.805293034964145,22.0,0.8263131055583885
58360225,61,5,5,7,7,11,71,956725,25,49,781,1.0,1.0,6.454545454545454,C-excitation,61 * 5 * 5 * 7 * 7 * 11 * 71,3.0903554861863745,34.0,1.2918032786885245
58530745,13,5,17,7,7,23,47,4502365,85,49,1081,3.4,1.0,8.933884297520661,A+C-multi,13 * 5 * 17 * 7 * 7 * 23 * 47,3.4157601047094523,12.0,1.0968325791855205
58656325,13,5,5,7,19,23,59,4512025,25,133,1357,1.0,2.7142857142857144,11.214876033057852,B+C-multi,13 * 5 * 5 * 7 * 19 * 23 * 59,3.19709115883551,10.0,1.2615384615384615
58845325,397,5,5,7,7,11,11,148225,25,49,121,1.0,1.0,1.0,grundzustand,397 * 5 * 5 * 7 * 7 * 11 * 11,3.4792148909782252,118.0,1.087153652392947
59026825,13,5,5,19,79,11,11,4540525,25,1501,121,1.0,30.632653061224488,1.0,B-excitation,13 * 5 * 5 * 19 * 79 * 11 * 11,3.19709115883551,10.0,1.2615384615384615
59284225,13,5,5,7,103,11,23,4560325,25,721,253,1.0,14.714285714285714,2.090909090909091,B+C-multi,13 * 5 * 5 * 7 * 103 * 11 * 23,3.19709115883551,10.0,1.2615384615384615
59815525,193,5,5,7,7,11,23,309925,25,49,253,1.0,1.0,2.090909090909091,C-excitation,193 * 5 * 5 * 7 * 7 * 11 * 23,3.257019313956718,88.0,1.2352331606217617
59944885,13,5,29,7,7,11,59,4611145,145,49,649,5.8,1.0,5.363636363636363,A+C-multi,13 * 5 * 29 * 7 * 7 * 11 * 59,3.2802323907239512,18.0,1.2063660477453582
60461401,13,17,17,7,19,11,11,4650877,289,133,121,11.56,2.7142857142857144,1.0,A+B-multi,13 * 17 * 17 * 7 * 19 * 11 * 11,3.6344290505833943,14.0,0.9321266968325792
60624025,409,5,5,7,7,11,11,148225,25,49,121,1.0,1.0,1.0,grundzustand,409 * 5 * 5 * 7 * 7 * 11 * 11,3.6362038147735802,64.0,0.9466992665036675
60657025,13,5,5,19,19,11,47,4665925,25,361,517,1.0,7.36734693877551,4.2727272727272725,B+C-multi,13 * 5 * 5 * 19 * 19 * 11 * 47,3.19709115883551,10.0,1.2615384615384615
60665605,13,5,17,7,31,11,23,4666585,85,217,253,3.4,4.428571428571429,2.090909090909091,A+B+C-multi,13 * 5 * 17 * 7 * 31 * 11 * 23,3.4157601047094523,12.0,1.0968325791855205
60785725,13,5,5,7,7,11,347,4675825,25,49,3817,1.0,1.0,31.545454545454547,C-excitation,13 * 5 * 5 * 7 * 7 * 11 * 347,3.19709115883551,10.0,1.2615384615384615
61167925,13,5,5,7,7,23,167,4705225,25,49,3841,1.0,1.0,31.74380165289256,C-excitation,13 * 5 * 5 * 7 * 7 * 23 * 167,3.19709115883551,10.0,1.2615384615384615
61386325,13,5,5,7,223,11,11,4722025,25,1561,121,1.0,31.857142857142858,1.0,B-excitation,13 * 5 * 5 * 7 * 223 * 11 * 11,3.19709115883551,10.0,1.2615384615384615
61409425,73,5,5,7,19,11,23,841225,25,133,253,1.0,2.7142857142857144,2.090909090909091,B+C-multi,73 * 5 * 5 * 7 * 19 * 11 * 23,3.426323092112505,28.0,1.1287671232876713
61432525,97,5,5,7,7,11,47,633325,25,49,517,1.0,1.0,4.2727272727272725,C-excitation,97 * 5 * 5 * 7 * 7 * 11 * 47,3.366869432803848,40.0,1.1711340206185568
61506025,37,5,5,7,7,23,59,1662325,25,49,1357,1.0,1.0,11.214876033057852,C-excitation,37 * 5 * 5 * 7 * 7 * 23 * 59,3.6199450849684505,10.0,0.9621621621621622
61894525,37,5,5,7,79,11,11,1672825,25,553,121,1.0,11.285714285714286,1.0,B-excitation,37 * 5 * 5 * 7 * 79 * 11 * 11,3.6199450849684505,10.0,0.9621621621621622
62064925,13,5,5,19,19,23,23,4774225,25,361,529,1.0,7.36734693877551,4.371900826446281,B+C-multi,13 * 5 * 5 * 19 * 19 * 23 * 23,3.19709115883551,10.0,1.2615384615384615
62123425,13,5,5,7,7,47,83,4778725,25,49,3901,1.0,1.0,32.239669421487605,C-excitation,13 * 5 * 5 * 7 * 7 * 47 * 83,3.19709115883551,10.0,1.2615384615384615
62287225,13,5,5,7,19,11,131,4791325,25,133,1441,1.0,2.7142857142857144,11.909090909090908,B+C-multi,13 * 5 * 5 * 7 * 19 * 11 * 131,3.19709115883551,10.0,1.2615384615384615
62402725,421,5,5,7,7,11,11,148225,25,49,121,1.0,1.0,1.0,grundzustand,421 * 5 * 5 * 7 * 7 * 11 * 11,3.034164699985137,214.0,1.2988123515439431
62707645,13,5,17,7,67,11,11,4823665,85,469,121,3.4,9.571428571428571,1.0,A+B-multi,13 * 5 * 17 * 7 * 67 * 11 * 11,3.4157601047094523,12.0,1.0968325791855205
62758465,73,5,29,7,7,11,11,859705,145,49,121,5.8,1.0,1.0,A-excitation,73 * 5 * 29 * 7 * 7 * 11 * 11,3.5094643240009464,36.0,1.073594709494568
62858425,97,5,5,7,7,23,23,648025,25,49,529,1.0,1.0,4.371900826446281,C-doppel,97 * 5 * 5 * 7 * 7 * 23 * 23,3.366869432803848,40.0,1.1711340206185568
62887825,13,5,5,7,7,11,359,4837525,25,49,3949,1.0,1.0,32.63636363636363,C-excitation,13 * 5 * 5 * 7 * 7 * 11 * 359,3.19709115883551,10.0,1.2615384615384615
63165025,157,5,5,7,19,11,11,402325,25,133,121,1.0,2.7142857142857144,1.0,B-excitation,157 * 5 * 5 * 7 * 19 * 11 * 11,3.2857470407029474,70.0,1.2203821656050957
63398797,37,17,17,7,7,11,11,1713481,289,49,121,11.56,1.0,1.0,A-excitation,37 * 17 * 17 * 7 * 7 * 11 * 11,4.057282976716335,14.0,0.6327503974562798
63428365,13,5,29,7,19,11,23,4879105,145,133,253,5.8,2.7142857142857144,2.090909090909091,A+B+C-multi,13 * 5 * 29 * 7 * 19 * 11 * 23,3.2802323907239512,18.0,1.2063660477453582
63488425,13,5,5,7,43,11,59,4883725,25,301,649,1.0,6.142857142857143,5.363636363636363,B+C-multi,13 * 5 * 5 * 7 * 43 * 11 * 59,3.19709115883551,10.0,1.2615384615384615
63603925,37,5,5,7,19,11,47,1719025,25,133,517,1.0,2.7142857142857144,4.2727272727272725,B+C-multi,37 * 5 * 5 * 7 * 19 * 11 * 47,3.6199450849684505,10.0,0.9621621621621622
63673225,97,5,5,7,31,11,11,656425,25,217,121,1.0,4.428571428571429,1.0,B-excitation,97 * 5 * 5 * 7 * 31 * 11 * 11,3.366869432803848,40.0,1.1711340206185568
63728665,13,5,17,7,7,11,107,4902205,85,49,1177,3.4,1.0,9.727272727272727,A+C-multi,13 * 5 * 17 * 7 * 7 * 11 * 107,3.4157601047094523,12.0,1.0968325791855205
64181425,433,5,5,7,7,11,11,148225,25,49,121,1.0,1.0,1.0,grundzustand,433 * 5 * 5 * 7 * 7 * 11 * 11,3.170430810460912,208.0,1.2711316397228638
64278445,61,5,17,7,7,11,23,1053745,85,49,253,3.4,1.0,2.090909090909091,A+C-multi,61 * 5 * 17 * 7 * 7 * 11 * 23,3.3090244320603164,36.0,1.1270973963355835
64389325,13,5,5,7,31,11,83,4953025,25,217,913,1.0,4.428571428571429,7.545454545454546,B+C-multi,13 * 5 * 5 * 7 * 31 * 11 * 83,3.19709115883551,10.0,1.2615384615384615
64821757,13,29,29,7,7,11,11,4986289,841,49,121,33.64,1.0,1.0,A-excitation,13 * 29 * 29 * 7 * 7 * 11 * 11,3.3633736226123925,26.0,1.1511936339522548
65080225,37,5,5,7,19,23,23,1758925,25,133,529,1.0,2.7142857142857144,4.371900826446281,B+C-multi,37 * 5 * 5 * 7 * 19 * 23 * 23,3.6199450849684505,10.0,0.9621621621621622
65313325,37,5,5,7,7,11,131,1765225,25,49,1441,1.0,1.0,11.909090909090908,C-excitation,37 * 5 * 5 * 7 * 7 * 11 * 131,3.6199450849684505,10.0,0.9621621621621622
65563225,13,5,5,7,7,23,179,5043325,25,49,4117,1.0,1.0,34.02479338842975,C-excitation,13 * 5 * 5 * 7 * 7 * 23 * 179,3.19709115883551,10.0,1.2615384615384615
65923825,37,5,5,19,31,11,11,1781725,25,589,121,1.0,12.020408163265307,1.0,B-excitation,37 * 5 * 5 * 19 * 31 * 11 * 11,3.6199450849684505,10.0,0.9621621621621622
66468325,73,5,5,7,43,11,11,910525,25,301,121,1.0,6.142857142857143,1.0,B-excitation,73 * 5 * 5 * 7 * 43 * 11 * 11,3.426323092112505,28.0,1.1287671232876713
66509905,37,5,29,7,7,11,23,1797565,145,49,253,5.8,1.0,2.090909090909091,A+C-multi,37 * 5 * 29 * 7 * 7 * 11 * 23,3.7030863168568917,18.0,0.9069897483690588
66613525,61,5,5,19,19,11,11,1092025,25,361,121,1.0,7.36734693877551,1.0,B-excitation,61 * 5 * 5 * 19 * 19 * 11 * 11,3.0903554861863745,34.0,1.2918032786885245
66671605,13,5,173,7,7,11,11,5128585,865,49,121,34.6,1.0,1.0,A-excitation,13 * 5 * 173 * 7 * 7 * 11 * 11,3.508089439441051,34.0,1.011827478879502
66709825,13,5,5,7,7,59,71,5131525,25,49,4189,1.0,1.0,34.6198347107438,C-excitation,13 * 5 * 5 * 7 * 7 * 59 * 71,3.19709115883551,10.0,1.2615384615384615
67092025,13,5,5,7,7,11,383,5160925,25,49,4213,1.0,1.0,34.81818181818182,C-excitation,13 * 5 * 5 * 7 * 7 * 11 * 383,3.19709115883551,10.0,1.2615384615384615
67177825,13,5,5,19,43,11,23,5167525,25,817,253,1.0,16.6734693877551,2.090909090909091,B+C-multi,13 * 5 * 5 * 19 * 43 * 11 * 23,3.19709115883551,10.0,1.2615384615384615
67512445,13,5,41,7,7,11,47,5193265,205,49,517,8.2,1.0,4.2727272727272725,A+C-multi,13 * 5 * 41 * 7 * 7 * 11 * 47,2.9859978256127633,28.0,1.349343339587242
67738825,457,5,5,7,7,11,11,148225,25,49,121,1.0,1.0,1.0,grundzustand,457 * 5 * 5 * 7 * 7 * 11 * 11,3.5968722570783065,88.0,0.9838074398249453
68223925,61,5,5,7,7,11,83,1118425,25,49,913,1.0,1.0,7.545454545454546,C-excitation,61 * 5 * 5 * 7 * 7 * 11 * 83,3.0903554861863745,34.0,1.2918032786885245
68653585,13,5,29,7,43,11,11,5281045,145,301,121,5.8,6.142857142857143,1.0,A+B-multi,13 * 5 * 29 * 7 * 43 * 11 * 11,3.2802323907239512,18.0,1.2063660477453582
69032425,109,5,5,7,7,11,47,633325,25,49,517,1.0,1.0,4.2727272727272725,C-excitation,109 * 5 * 5 * 7 * 7 * 11 * 47,3.4936369679052106,34.0,1.075229357798165
69079465,13,5,41,7,7,23,23,5313805,205,49,529,8.2,1.0,4.371900826446281,A+C-multi,13 * 5 * 41 * 7 * 7 * 23 * 23,2.9859978256127633,28.0,1.349343339587242
69446377,13,17,53,7,7,11,11,5342029,901,49,121,36.04,1.0,1.0,A-excitation,13 * 17 * 53 * 7 * 7 * 11 * 11,3.601108054705147,24.0,0.9609835225817467
69840925,73,5,5,7,7,11,71,956725,25,49,781,1.0,1.0,6.454545454545454,C-excitation,73 * 5 * 5 * 7 * 7 * 11 * 71,3.426323092112505,28.0,1.1287671232876713
69958525,13,5,5,7,7,23,191,5381425,25,49,4393,1.0,1.0,36.30578512396694,C-excitation,13 * 5 * 5 * 7 * 7 * 23 * 191,3.19709115883551,10.0,1.2615384615384615
69974905,13,5,41,7,31,11,11,5382685,205,217,121,8.2,4.428571428571429,1.0,A+B-multi,13 * 5 * 41 * 7 * 31 * 11 * 11,2.9859978256127633,28.0,1.349343339587242
70441525,37,5,5,7,43,11,23,1903825,25,301,253,1.0,6.142857142857143,2.090909090909091,B+C-multi,37 * 5 * 5 * 7 * 43 * 11 * 23,3.6199450849684505,10.0,0.9621621621621622
70586425,13,5,5,7,19,23,71,5429725,25,133,1633,1.0,2.7142857142857144,13.49586776859504,B+C-multi,13 * 5 * 5 * 7 * 19 * 23 * 71,3.19709115883551,10.0,1.2615384615384615
70634725,109,5,5,7,7,23,23,648025,25,49,529,1.0,1.0,4.371900826446281,C-doppel,109 * 5 * 5 * 7 * 7 * 23 * 23,3.4936369679052106,34.0,1.075229357798165
70972825,229,5,5,7,7,11,23,309925,25,49,253,1.0,1.0,2.090909090909091,C-excitation,229 * 5 * 5 * 7 * 7 * 11 * 23,3.6525422300864037,34.0,0.9310043668122271
71550325,109,5,5,7,31,11,11,656425,25,217,121,1.0,4.428571428571429,1.0,B-excitation,109 * 5 * 5 * 7 * 31 * 11 * 11,3.4936369679052106,34.0,1.075229357798165
71716645,13,5,89,7,7,11,23,5516665,445,49,253,17.8,1.0,2.090909090909091,A+C-multi,13 * 5 * 89 * 7 * 7 * 11 * 23,3.1021394524927537,48.0,1.3109766637856526
72137065,13,5,29,7,7,11,71,5549005,145,49,781,5.8,1.0,6.454545454545454,A+C-multi,13 * 5 * 29 * 7 * 7 * 11 * 71,3.2802323907239512,18.0,1.2063660477453582
72711925,13,5,5,43,43,11,11,5593225,25,1849,121,1.0,37.734693877551024,1.0,B-excitation,13 * 5 * 5 * 43 * 43 * 11 * 11,3.19709115883551,10.0,1.2615384615384615
72820825,181,5,5,7,19,11,11,402325,25,133,121,1.0,2.7142857142857144,1.0,B-excitation,181 * 5 * 5 * 7 * 19 * 11 * 11,3.0522786605965706,94.0,1.2972375690607736
73098025,13,5,5,7,127,11,23,5622925,25,889,253,1.0,18.142857142857142,2.090909090909091,B+C-multi,13 * 5 * 5 * 7 * 127 * 11 * 23,3.19709115883551,10.0,1.2615384615384615
73398325,13,5,5,7,7,11,419,5646025,25,49,4609,1.0,1.0,38.09090909090909,C-excitation,13 * 5 * 5 * 7 * 7 * 11 * 419,3.19709115883551,10.0,1.2615384615384615
73474765,13,5,17,7,7,23,59,5651905,85,49,1357,3.4,1.0,11.214876033057852,A+C-multi,13 * 5 * 17 * 7 * 7 * 23 * 59,3.4157601047094523,12.0,1.0968325791855205
73938865,13,5,17,7,79,11,11,5687605,85,553,121,3.4,11.285714285714286,1.0,A+B-multi,13 * 5 * 17 * 7 * 79 * 11 * 11,3.4157601047094523,12.0,1.0968325791855205
74015725,37,5,5,7,7,23,71,2000425,25,49,1633,1.0,1.0,13.49586776859504,C-excitation,37 * 5 * 5 * 7 * 7 * 23 * 71,3.6199450849684505,10.0,0.9621621621621622
74142145,61,5,41,7,7,11,11,1215445,205,49,121,8.2,1.0,1.0,A-excitation,61 * 5 * 41 * 7 * 7 * 11 * 11,2.8792621529636278,52.0,1.379608156737305
74599525,13,5,5,7,271,11,11,5738425,25,1897,121,1.0,38.714285714285715,1.0,B-excitation,13 * 5 * 5 * 7 * 271 * 11 * 11,3.19709115883551,10.0,1.2615384615384615
74691925,241,5,5,7,7,11,23,309925,25,49,253,1.0,1.0,2.090909090909091,C-excitation,241 * 5 * 5 * 7 * 7 * 11 * 23,3.5244913706357366,64.0,1.0489626556016598
75500425,13,5,5,7,7,11,431,5807725,25,49,4741,1.0,1.0,39.18181818181818,C-excitation,13 * 5 * 5 * 7 * 7 * 11 * 431,3.19709115883551,10.0,1.2615384615384615
75920845,13,5,197,7,7,11,11,5840065,985,49,121,39.4,1.0,1.0,A-excitation,13 * 5 * 197 * 7 * 7 * 11 * 11,3.589431303051026,22.0,0.9326044513861773
75980905,13,5,17,7,19,11,47,5844685,85,133,517,3.4,2.7142857142857144,4.2727272727272725,A+B+C-multi,13 * 5 * 17 * 7 * 19 * 11 * 47,3.4157601047094523,12.0,1.0968325791855205
76143925,13,5,5,19,19,11,59,5857225,25,361,649,1.0,7.36734693877551,5.363636363636363,B+C-multi,13 * 5 * 5 * 19 * 19 * 11 * 59,3.19709115883551,10.0,1.2615384615384615
76237525,13,5,5,7,31,23,47,5864425,25,217,1081,1.0,4.428571428571429,8.933884297520661,B+C-multi,13 * 5 * 5 * 7 * 31 * 23 * 47,3.19709115883551,10.0,1.2615384615384615
76401325,13,5,5,7,43,11,71,5877025,25,301,781,1.0,6.142857142857143,6.454545454545454,B+C-multi,13 * 5 * 5 * 7 * 43 * 11 * 71,3.19709115883551,10.0,1.2615384615384615
76923385,73,5,17,7,7,11,23,1053745,85,49,253,3.4,1.0,2.090909090909091,A+C-multi,73 * 5 * 17 * 7 * 7 * 11 * 23,3.644992037986447,30.0,0.96406124093473
76959025,13,5,5,19,103,11,11,5919925,25,1957,121,1.0,39.93877551020408,1.0,B-excitation,13 * 5 * 5 * 19 * 103 * 11 * 11,3.19709115883551,10.0,1.2615384615384615
77117425,97,5,5,7,7,11,59,795025,25,49,649,1.0,1.0,5.363636363636363,C-excitation,97 * 5 * 5 * 7 * 7 * 11 * 59,3.366869432803848,40.0,1.1711340206185568
77602525,13,5,5,7,7,11,443,5969425,25,49,4873,1.0,1.0,40.27272727272727,C-excitation,13 * 5 * 5 * 7 * 7 * 11 * 443,3.19709115883551,10.0,1.2615384615384615
77648725,193,5,5,7,19,11,11,402325,25,133,121,1.0,2.7142857142857144,1.0,B-excitation,193 * 5 * 5 * 7 * 19 * 11 * 11,3.257019313956718,88.0,1.2352331606217617
77744485,13,5,17,7,19,23,23,5980345,85,133,529,3.4,2.7142857142857144,4.371900826446281,A+B+C-multi,13 * 5 * 17 * 7 * 19 * 23 * 23,3.4157601047094523,12.0,1.0968325791855205
77902825,13,5,5,7,283,11,11,5992525,25,1981,121,1.0,40.42857142857143,1.0,B-excitation,13 * 5 * 5 * 7 * 283 * 11 * 11,3.19709115883551,10.0,1.2615384615384615
77984725,13,5,5,7,7,59,83,5998825,25,49,4897,1.0,1.0,40.47107438016529,C-excitation,13 * 5 * 5 * 7 * 7 * 59 * 83,3.19709115883551,10.0,1.2615384615384615
78022945,13,5,17,7,7,11,131,6001765,85,49,1441,3.4,1.0,11.909090909090908,A+C-multi,13 * 5 * 17 * 7 * 7 * 11 * 131,3.4157601047094523,12.0,1.0968325791855205
78752245,13,5,17,19,31,11,11,6057865,85,589,121,3.4,12.020408163265307,1.0,A+B-multi,13 * 5 * 17 * 19 * 31 * 11 * 11,3.4157601047094523,12.0,1.0968325791855205
78803725,13,5,5,7,67,11,47,6061825,25,469,517,1.0,9.571428571428571,4.2727272727272725,B+C-multi,13 * 5 * 5 * 7 * 67 * 11 * 47,3.19709115883551,10.0,1.2615384615384615
79018225,13,5,5,31,31,11,23,6078325,25,961,253,1.0,19.612244897959183,2.090909090909091,B+C-multi,13 * 5 * 5 * 31 * 31 * 11 * 23,3.19709115883551,10.0,1.2615384615384615
79122505,157,5,17,7,7,11,11,503965,85,49,121,3.4,1.0,1.0,A-excitation,157 * 5 * 17 * 7 * 7 * 11 * 11,3.5044159865768894,72.0,1.0556762832521545
79404325,13,5,5,7,19,11,167,6108025,25,133,1837,1.0,2.7142857142857144,15.181818181818182,B+C-multi,13 * 5 * 5 * 7 * 19 * 11 * 167,3.19709115883551,10.0,1.2615384615384615
79452373,13,17,29,7,7,11,23,6111721,493,49,253,19.72,1.0,2.090909090909091,A+C-multi,13 * 17 * 29 * 7 * 7 * 11 * 23,3.498901336597893,20.0,1.041660165392417
79672285,37,5,17,7,7,11,47,2153305,85,49,517,3.4,1.0,4.2727272727272725,A+C-multi,37 * 5 * 17 * 7 * 7 * 11 * 47,3.8386140308423924,12.0,0.7974562798092211
79717825,73,5,5,19,19,11,11,1092025,25,361,121,1.0,7.36734693877551,1.0,B-excitation,73 * 5 * 5 * 19 * 19 * 11 * 11,3.426323092112505,28.0,1.1287671232876713
79843225,37,5,5,7,19,11,59,2157925,25,133,649,1.0,2.7142857142857144,5.363636363636363,B+C-multi,37 * 5 * 5 * 7 * 19 * 11 * 59,3.6199450849684505,10.0,0.9621621621621622
80004925,13,5,5,7,139,11,23,6154225,25,973,253,1.0,19.857142857142858,2.090909090909091,B+C-multi,13 * 5 * 5 * 7 * 139 * 11 * 23,3.19709115883551,10.0,1.2615384615384615
80086825,13,5,5,7,7,47,107,6160525,25,49,5029,1.0,1.0,41.56198347107438,C-excitation,13 * 5 * 5 * 7 * 7 * 47 * 107,3.19709115883551,10.0,1.2615384615384615
80189725,541,5,5,7,7,11,11,148225,25,49,121,1.0,1.0,1.0,grundzustand,541 * 5 * 5 * 7 * 7 * 11 * 11,3.3406745524819783,214.0,1.188170055452865
80277925,13,5,5,7,7,71,71,6175225,25,49,5041,1.0,1.0,41.66115702479339,C-doppel,13 * 5 * 5 * 7 * 7 * 71 * 71,3.19709115883551,10.0,1.2615384615384615
80632825,13,5,5,7,67,23,23,6202525,25,469,529,1.0,9.571428571428571,4.371900826446281,B+C-multi,13 * 5 * 5 * 7 * 67 * 23 * 23,3.19709115883551,10.0,1.2615384615384615
80697925,37,5,5,7,103,11,11,2181025,25,721,121,1.0,14.714285714285714,1.0,B-excitation,37 * 5 * 5 * 7 * 103 * 11 * 11,3.6199450849684505,10.0,0.9621621621621622
80777725,61,5,5,7,7,23,47,1324225,25,49,1081,1.0,1.0,8.933884297520661,C-excitation,61 * 5 * 5 * 7 * 7 * 23 * 47,3.0903554861863745,34.0,1.2918032786885245
81386305,13,5,101,7,7,11,23,6260485,505,49,253,20.2,1.0,2.090909090909091,A+C-multi,13 * 5 * 101 * 7 * 7 * 11 * 23,3.5610701153451543,18.0,0.9605483625285606
81521545,37,5,17,7,7,23,23,2203285,85,49,529,3.4,1.0,4.371900826446281,A+C-multi,37 * 5 * 17 * 7 * 7 * 23 * 23,3.8386140308423924,12.0,0.7974562798092211
81598825,97,5,5,7,19,11,23,841225,25,133,253,1.0,2.7142857142857144,2.090909090909091,B+C-multi,97 * 5 * 5 * 7 * 19 * 11 * 23,3.366869432803848,40.0,1.1711340206185568
81645025,73,5,5,7,7,11,83,1118425,25,49,913,1.0,1.0,7.545454545454546,C-excitation,73 * 5 * 5 * 7 * 7 * 11 * 83,3.426323092112505,28.0,1.1287671232876713
81678025,13,5,5,31,67,11,11,6282925,25,2077,121,1.0,42.38775510204081,1.0,B-excitation,13 * 5 * 5 * 31 * 67 * 11 * 11,3.19709115883551,10.0,1.2615384615384615
81806725,13,5,5,7,7,11,467,6292825,25,49,5137,1.0,1.0,42.45454545454545,C-excitation,13 * 5 * 5 * 7 * 7 * 11 * 467,3.19709115883551,10.0,1.2615384615384615
82338685,13,5,29,19,19,11,11,6333745,145,361,121,5.8,7.36734693877551,1.0,A+B-multi,13 * 5 * 29 * 19 * 19 * 11 * 11,3.2802323907239512,18.0,1.2063660477453582
82516525,13,5,5,7,19,23,83,6347425,25,133,1909,1.0,2.7142857142857144,15.776859504132231,B+C-multi,13 * 5 * 5 * 7 * 19 * 23 * 83,3.19709115883551,10.0,1.2615384615384615
82578265,37,5,17,7,31,11,11,2231845,85,217,121,3.4,4.428571428571429,1.0,A+B-multi,37 * 5 * 17 * 7 * 31 * 11 * 11,3.8386140308423924,12.0,0.7974562798092211
83007925,13,5,5,7,31,11,107,6385225,25,217,1177,1.0,4.428571428571429,9.727272727272727,B+C-multi,13 * 5 * 5 * 7 * 31 * 11 * 107,3.19709115883551,10.0,1.2615384615384615
83144425,13,5,5,7,7,23,227,6395725,25,49,5221,1.0,1.0,43.14876033057851,C-excitation,13 * 5 * 5 * 7 * 7 * 23 * 227,3.19709115883551,10.0,1.2615384615384615
83262025,37,5,5,7,7,11,167,2250325,25,49,1837,1.0,1.0,15.181818181818182,C-excitation,37 * 5 * 5 * 7 * 7 * 11 * 167,3.6199450849684505,10.0,0.9621621621621622
83391385,97,5,29,7,7,11,11,859705,145,49,121,5.8,1.0,1.0,A-excitation,97 * 5 * 29 * 7 * 7 * 11 * 11,3.4500106646922895,48.0,1.1159616068254534
83442205,61,5,17,7,19,11,11,1367905,85,133,121,3.4,2.7142857142857144,1.0,A+B-multi,61 * 5 * 17 * 7 * 19 * 11 * 11,3.3090244320603164,36.0,1.1270973963355835
83724025,61,5,5,7,31,11,23,1372525,25,217,253,1.0,4.428571428571429,2.090909090909091,B+C-multi,61 * 5 * 5 * 7 * 31 * 11 * 23,3.0903554861863745,34.0,1.2918032786885245
83908825,13,5,5,7,7,11,479,6454525,25,49,5269,1.0,1.0,43.54545454545455,C-excitation,13 * 5 * 5 * 7 * 7 * 11 * 479,3.19709115883551,10.0,1.2615384615384615
84149065,13,5,17,7,43,11,23,6473005,85,301,253,3.4,6.142857142857143,2.090909090909091,A+B+C-multi,13 * 5 * 17 * 7 * 43 * 11 * 23,3.4157601047094523,12.0,1.0968325791855205
84329245,13,5,29,7,7,11,83,6486865,145,49,913,5.8,1.0,7.545454545454546,A+C-multi,13 * 5 * 29 * 7 * 7 * 11 * 83,3.2802323907239512,18.0,1.2063660477453582
84483025,37,5,5,19,19,11,23,2283325,25,361,253,1.0,7.36734693877551,2.090909090909091,B+C-multi,37 * 5 * 5 * 19 * 19 * 11 * 23,3.6199450849684505,10.0,0.9621621621621622
84509425,13,5,5,7,307,11,11,6500725,25,2149,121,1.0,43.857142857142854,1.0,B-excitation,13 * 5 * 5 * 7 * 307 * 11 * 11,3.19709115883551,10.0,1.2615384615384615
84749665,13,5,41,7,7,11,59,6519205,205,49,649,8.2,1.0,5.363636363636363,A+C-multi,13 * 5 * 41 * 7 * 7 * 11 * 59,2.9859978256127633,28.0,1.349343339587242
85110025,13,5,5,7,19,11,179,6546925,25,133,1969,1.0,2.7142857142857144,16.272727272727273,B+C-multi,13 * 5 * 5 * 7 * 19 * 11 * 179,3.19709115883551,10.0,1.2615384615384615
85525825,577,5,5,7,7,11,11,148225,25,49,121,1.0,1.0,1.0,grundzustand,577 * 5 * 5 * 7 * 7 * 11 * 11,3.7434511832844892,28.0,0.8415944540727903
85849225,277,5,5,7,7,11,23,309925,25,49,253,1.0,1.0,2.090909090909091,C-excitation,277 * 5 * 5 * 7 * 7 * 11 * 23,3.2137562825494506,130.0,1.2548736462093864
86010925,13,5,5,7,7,11,491,6616225,25,49,5401,1.0,1.0,44.63636363636363,C-excitation,13 * 5 * 5 * 7 * 7 * 11 * 491,3.19709115883551,10.0,1.2615384615384615
86338945,37,5,29,7,19,11,11,2333485,145,133,121,5.8,2.7142857142857144,1.0,A+B-multi,37 * 5 * 29 * 7 * 19 * 11 * 11,3.7030863168568917,18.0,0.9069897483690588
86525425,37,5,5,7,7,23,83,2338525,25,49,1909,1.0,1.0,15.776859504132231,C-excitation,37 * 5 * 5 * 7 * 7 * 23 * 83,3.6199450849684505,10.0,0.9621621621621622
86542225,61,5,5,7,67,11,11,1418725,25,469,121,1.0,9.571428571428571,1.0,B-excitation,61 * 5 * 5 * 7 * 67 * 11 * 11,3.0903554861863745,34.0,1.2918032786885245
86657725,109,5,5,7,7,11,59,795025,25,49,649,1.0,1.0,5.363636363636363,C-excitation,109 * 5 * 5 * 7 * 7 * 11 * 59,3.4936369679052106,34.0,1.075229357798165
86911825,13,5,5,7,151,11,23,6685525,25,1057,253,1.0,21.571428571428573,2.090909090909091,B+C-multi,13 * 5 * 5 * 7 * 151 * 11 * 23,3.19709115883551,10.0,1.2615384615384615
87272185,13,5,53,7,7,11,47,6713245,265,49,517,10.6,1.0,4.2727272727272725,A+C-multi,13 * 5 * 53 * 7 * 7 * 11 * 47,3.382439108831205,22.0,1.125689404934688
87539725,13,5,5,7,7,23,239,6733825,25,49,5497,1.0,1.0,45.429752066115704,C-excitation,13 * 5 * 5 * 7 * 7 * 23 * 239,3.19709115883551,10.0,1.2615384615384615
87951325,61,5,5,7,7,11,107,1441825,25,49,1177,1.0,1.0,9.727272727272727,C-excitation,61 * 5 * 5 * 7 * 7 * 11 * 107,3.0903554861863745,34.0,1.2918032786885245
88113025,13,5,5,7,7,11,503,6777925,25,49,5533,1.0,1.0,45.72727272727273,C-excitation,13 * 5 * 5 * 7 * 7 * 11 * 503,3.19709115883551,10.0,1.2615384615384615
88320925,97,5,5,7,43,11,11,910525,25,301,121,1.0,6.142857142857143,1.0,B-excitation,97 * 5 * 5 * 7 * 43 * 11 * 11,3.366869432803848,40.0,1.1711340206185568
88418785,13,5,17,7,7,23,71,6801445,85,49,1633,3.4,1.0,13.49586776859504,A+C-multi,13 * 5 * 17 * 7 * 7 * 23 * 71,3.4157601047094523,12.0,1.0968325791855205
88727485,73,5,41,7,7,11,11,1215445,205,49,121,8.2,1.0,1.0,A-excitation,73 * 5 * 41 * 7 * 7 * 11 * 11,3.215229758889759,46.0,1.2165720013364516
89083225,601,5,5,7,7,11,11,148225,25,49,121,1.0,1.0,1.0,grundzustand,601 * 5 * 5 * 7 * 7 * 11 * 11,3.57969837319331,124.0,0.9996672212978369
89244925,37,5,5,7,7,11,179,2412025,25,49,1969,1.0,1.0,16.272727272727273,C-excitation,37 * 5 * 5 * 7 * 7 * 11 * 179,3.6199450849684505,10.0,0.9621621621621622
89297845,13,5,53,7,7,23,23,6869065,265,49,529,10.6,1.0,4.371900826446281,A+C-multi,13 * 5 * 53 * 7 * 7 * 23 * 23,3.382439108831205,22.0,1.125689404934688
89314225,13,5,5,7,43,11,83,6870325,25,301,913,1.0,6.142857142857143,7.545454545454546,B+C-multi,13 * 5 * 5 * 7 * 43 * 11 * 83,3.19709115883551,10.0,1.2615384615384615
89674585,13,5,41,7,19,11,23,6898045,205,133,253,8.2,2.7142857142857144,2.090909090909091,A+B+C-multi,13 * 5 * 41 * 7 * 19 * 11 * 23,2.9859978256127633,28.0,1.349343339587242
89794705,13,5,233,7,7,11,11,6907285,1165,49,121,46.6,1.0,1.0,A-excitation,13 * 5 * 233 * 7 * 7 * 11 * 11,3.109083785307769,112.0,1.3078903928689338
90455365,13,5,53,7,31,11,11,6958105,265,217,121,10.6,4.428571428571429,1.0,A+B-multi,13 * 5 * 53 * 7 * 31 * 11 * 11,3.382439108831205,22.0,1.125689404934688
90815725,13,5,5,7,19,11,191,6985825,25,133,2101,1.0,2.7142857142857144,17.363636363636363,B+C-multi,13 * 5 * 5 * 7 * 19 * 11 * 191,3.19709115883551,10.0,1.2615384615384615
90861925,613,5,5,7,7,11,11,148225,25,49,121,1.0,1.0,1.0,grundzustand,613 * 5 * 5 * 7 * 7 * 11 * 11,3.028259256824389,310.0,1.299184339314845
91055965,13,5,113,7,7,11,23,7004305,565,49,253,22.6,1.0,2.090909090909091,A+C-multi,13 * 5 * 113 * 7 * 7 * 11 * 23,2.9419087682146916,64.0,1.3571136827773995
91116025,13,5,5,7,331,11,11,7008925,25,2317,121,1.0,47.285714285714285,1.0,B-excitation,13 * 5 * 5 * 7 * 331 * 11 * 11,3.19709115883551,10.0,1.2615384615384615
91217665,181,5,17,7,7,11,11,503965,85,49,121,3.4,1.0,1.0,A-excitation,181 * 5 * 17 * 7 * 7 * 11 * 11,3.270947606470513,96.0,1.1325316867078323
91442725,37,5,5,19,43,11,11,2471425,25,817,121,1.0,16.6734693877551,1.0,B-excitation,37 * 5 * 5 * 19 * 43 * 11 * 11,3.6199450849684505,10.0,0.9621621621621622
91630825,13,5,5,19,19,11,71,7048525,25,361,781,1.0,7.36734693877551,6.454545454545454,B+C-multi,13 * 5 * 5 * 19 * 19 * 11 * 71,3.19709115883551,10.0,1.2615384615384615
91644553,13,29,41,7,7,11,11,7049581,1189,49,121,47.56,1.0,1.0,A-excitation,13 * 29 * 41 * 7 * 7 * 11 * 11,3.0691390575012045,36.0,1.2941709257941385
91693525,109,5,5,7,19,11,23,841225,25,133,253,1.0,2.7142857142857144,2.090909090909091,B+C-multi,109 * 5 * 5 * 7 * 19 * 11 * 23,3.4936369679052106,34.0,1.075229357798165
91935025,13,5,5,7,7,23,251,7071925,25,49,5773,1.0,1.0,47.710743801652896,C-excitation,13 * 5 * 5 * 7 * 7 * 23 * 251,3.19709115883551,10.0,1.2615384615384615
92132425,229,5,5,7,19,11,11,402325,25,133,121,1.0,2.7142857142857144,1.0,B-excitation,229 * 5 * 5 * 7 * 19 * 11 * 11,3.6525422300864037,34.0,0.9310043668122271
92802325,97,5,5,7,7,11,71,956725,25,49,781,1.0,1.0,6.454545454545454,C-excitation,97 * 5 * 5 * 7 * 7 * 11 * 71,3.366869432803848,40.0,1.1711340206185568
92917825,13,5,5,7,79,11,47,7147525,25,553,517,1.0,11.285714285714286,4.2727272727272725,B+C-multi,13 * 5 * 5 * 7 * 79 * 11 * 47,3.19709115883551,10.0,1.2615384615384615
93098005,13,5,89,7,19,11,11,7161385,445,133,121,17.8,2.7142857142857144,1.0,A+B-multi,13 * 5 * 89 * 7 * 19 * 11 * 11,3.1021394524927537,48.0,1.3109766637856526
93707845,109,5,29,7,7,11,11,859705,145,49,121,5.8,1.0,1.0,A-excitation,109 * 5 * 29 * 7 * 7 * 11 * 11,3.576778199793652,42.0,1.0200569440050617
93818725,13,5,5,7,163,11,23,7216825,25,1141,253,1.0,23.285714285714285,2.090909090909091,B+C-multi,13 * 5 * 5 * 7 * 163 * 11 * 23,3.19709115883551,10.0,1.2615384615384615
93846025,13,5,5,7,7,71,83,7218925,25,49,5893,1.0,1.0,48.70247933884298,C-excitation,13 * 5 * 5 * 7 * 7 * 71 * 83,3.19709115883551,10.0,1.2615384615384615
94031245,37,5,41,7,7,11,23,2541385,205,49,253,8.2,1.0,2.090909090909091,A+C-multi,37 * 5 * 41 * 7 * 7 * 11 * 23,3.408851751745704,28.0,1.0499670402109427
94891225,13,5,5,19,127,11,11,7299325,25,2413,121,1.0,49.244897959183675,1.0,B-excitation,13 * 5 * 5 * 19 * 127 * 11 * 11,3.19709115883551,10.0,1.2615384615384615
95074525,13,5,5,7,79,23,23,7313425,25,553,529,1.0,11.285714285714286,4.371900826446281,B+C-multi,13 * 5 * 5 * 7 * 79 * 23 * 23,3.19709115883551,10.0,1.2615384615384615
95176081,13,17,17,7,7,11,47,7321237,289,49,517,11.56,1.0,4.2727272727272725,A+C-multi,13 * 17 * 17 * 7 * 7 * 11 * 47,3.6344290505833943,14.0,0.9321266968325792
95227825,37,5,5,7,7,11,191,2573725,25,49,2101,1.0,1.0,17.363636363636363,C-excitation,37 * 5 * 5 * 7 * 7 * 11 * 191,3.6199450849684505,10.0,0.9621621621621622
95380285,13,5,17,7,19,11,59,7336945,85,133,649,3.4,2.7142857142857144,5.363636363636363,A+B+C-multi,13 * 5 * 17 * 7 * 19 * 11 * 59,3.4157601047094523,12.0,1.0968325791855205
95484025,13,5,5,7,19,47,47,7344925,25,133,2209,1.0,2.7142857142857144,18.25619834710744,B+C-multi,13 * 5 * 5 * 7 * 19 * 47 * 47,3.19709115883551,10.0,1.2615384615384615
95702425,13,5,5,7,31,23,59,7361725,25,217,1357,1.0,4.428571428571429,11.214876033057852,B+C-multi,13 * 5 * 5 * 7 * 31 * 23 * 59,3.19709115883551,10.0,1.2615384615384615
95842285,61,5,53,7,7,11,11,1571185,265,49,121,10.6,1.0,1.0,A-excitation,61 * 5 * 53 * 7 * 7 * 11 * 11,3.275703436182069,46.0,1.155954222084751
96082525,37,5,5,7,19,11,71,2596825,25,133,781,1.0,2.7142857142857144,6.454545454545454,B+C-multi,37 * 5 * 5 * 7 * 19 * 11 * 71,3.6199450849684505,10.0,0.9621621621621622
96306925,13,5,5,31,79,11,11,7408225,25,2449,121,1.0,49.97959183673469,1.0,B-excitation,13 * 5 * 5 * 31 * 79 * 11 * 11,3.19709115883551,10.0,1.2615384615384615
96330325,13,5,5,7,7,23,263,7410025,25,49,6049,1.0,1.0,49.99173553719008,C-excitation,13 * 5 * 5 * 7 * 7 * 23 * 263,3.19709115883551,10.0,1.2615384615384615
96401305,13,5,17,7,103,11,11,7415485,85,721,121,3.4,14.714285714285714,1.0,A+B-multi,13 * 5 * 17 * 7 * 103 * 11 * 11,3.4157601047094523,12.0,1.0968325791855205
96668425,73,5,5,7,7,23,47,1324225,25,49,1081,1.0,1.0,8.933884297520661,C-excitation,73 * 5 * 5 * 7 * 7 * 23 * 47,3.426323092112505,28.0,1.1287671232876713
96960325,241,5,5,7,19,11,11,402325,25,133,121,1.0,2.7142857142857144,1.0,B-excitation,241 * 5 * 5 * 7 * 19 * 11 * 11,3.5244913706357366,64.0,1.0489626556016598
97006525,313,5,5,7,7,11,23,309925,25,49,253,1.0,1.0,2.090909090909091,C-excitation,313 * 5 * 5 * 7 * 7 * 11 * 23,3.0396742861089194,160.0,1.2984025559105432
97061965,13,5,41,7,43,11,11,7466305,205,301,121,8.2,6.142857142857143,1.0,A+B-multi,13 * 5 * 41 * 7 * 43 * 11 * 11,2.9859978256127633,28.0,1.349343339587242
97265245,193,5,17,7,7,11,11,503965,85,49,121,3.4,1.0,1.0,A-excitation,193 * 5 * 17 * 7 * 7 * 11 * 11,3.47568825983066,90.0,1.0705272782688204
97385197,13,17,17,7,7,23,23,7491169,289,49,529,11.56,1.0,4.371900826446281,A+C-multi,13 * 17 * 17 * 7 * 7 * 23 * 23,3.6344290505833943,14.0,0.9321266968325792
97620985,37,5,89,7,7,11,11,2638405,445,49,121,17.8,1.0,1.0,A-excitation,37 * 5 * 89 * 7 * 7 * 11 * 11,3.524993378625694,48.0,1.0116003644093532
97976725,661,5,5,7,7,11,11,148225,25,49,121,1.0,1.0,1.0,grundzustand,661 * 5 * 5 * 7 * 7 * 11 * 11,3.5495487816622138,154.0,1.026928895612708
98050225,13,5,5,7,7,47,131,7542325,25,49,6157,1.0,1.0,50.88429752066116,C-excitation,13 * 5 * 5 * 7 * 7 * 47 * 131,3.19709115883551,10.0,1.2615384615384615
98623525,13,5,5,7,7,11,563,7586425,25,49,6193,1.0,1.0,51.18181818181818,C-excitation,13 * 5 * 5 * 7 * 7 * 11 * 563,3.19709115883551,10.0,1.2615384615384615
98647549,13,17,17,7,31,11,11,7588273,289,217,121,11.56,4.428571428571429,1.0,A+B-multi,13 * 17 * 17 * 7 * 31 * 11 * 11,3.6344290505833943,14.0,0.9321266968325792
98923825,13,5,5,7,67,11,59,7609525,25,469,649,1.0,9.571428571428571,5.363636363636363,B+C-multi,13 * 5 * 5 * 7 * 67 * 11 * 59,3.19709115883551,10.0,1.2615384615384615
98966725,13,5,5,19,31,11,47,7612825,25,589,517,1.0,12.020408163265307,4.2727272727272725,B+C-multi,13 * 5 * 5 * 19 * 31 * 11 * 47,3.19709115883551,10.0,1.2615384615384615
99043945,13,5,257,7,7,11,11,7618765,1285,49,121,51.4,1.0,1.0,A-excitation,13 * 5 * 257 * 7 * 7 * 11 * 11,3.598319957840359,24.0,0.923795270876983
99247225,109,5,5,7,43,11,11,910525,25,301,121,1.0,6.142857142857143,1.0,B-excitation,109 * 5 * 5 * 7 * 43 * 11 * 11,3.4936369679052106,34.0,1.075229357798165
99432025,157,5,5,7,7,11,47,633325,25,49,517,1.0,1.0,4.2727272727272725,C-excitation,157 * 5 * 5 * 7 * 7 * 11 * 47,3.2857470407029474,70.0,1.2203821656050957
99464365,13,5,17,7,7,11,167,7651105,85,49,1837,3.4,1.0,15.181818181818182,A+C-multi,13 * 5 * 17 * 7 * 7 * 11 * 167,3.4157601047094523,12.0,1.0968325791855205
99501325,37,5,5,7,127,11,11,2689225,25,889,121,1.0,18.142857142857142,1.0,B-excitation,37 * 5 * 5 * 7 * 127 * 11 * 11,3.6199450849684505,10.0,0.9621621621621622
99755425,673,5,5,7,7,11,11,148225,25,49,121,1.0,1.0,1.0,grundzustand,673 * 5 * 5 * 7 * 7 * 11 * 11,3.304206482187742,280.0,1.210104011887073
99846565,13,5,29,7,7,23,47,7680505,145,49,1081,5.8,1.0,8.933884297520661,A+C-multi,13 * 5 * 29 * 7 * 7 * 23 * 47,3.2802323907239512,18.0,1.2063660477453582
99857065,73,5,17,7,19,11,11,1367905,85,133,121,3.4,2.7142857142857144,1.0,A+B-multi,73 * 5 * 17 * 7 * 19 * 11 * 11,3.644992037986447,30.0,0.96406124093473
