A,B,C,sqrt_A_times_B,C_div_sqrt_A_times_B
3,5,7,3.872983346207417,1.807392228230128
5,7,11,5.916079783099616,1.859339360402736
11,13,17,11.958260743101398,1.421611417012054
17,19,23,17.972200755611428,1.279754233371712
29,31,37,29.983328701129899,1.234019090035380
41,43,47,41.988093550434030,1.119364944339421
59,61,67,59.991666087882571,1.116821791577697
71,73,79,71.993055220625280,1.097328065296044
101,103,107,101.995097921419728,1.049070025722572
107,109,113,107.995370271137091,1.046341150702091
137,139,149,137.996376764029577,1.079738493821373
149,151,157,149.996666629628805,1.046689926701263
179,181,191,179.997222200788428,1.061127486661644
191,193,197,191.997395815672462,1.026055583530572
197,199,211,197.997474731371256,1.065670157087961
227,229,233,227.997807006997334,1.021939653975922
239,241,251,239.997916657624330,1.045842411865896
269,271,277,269.998148141797458,1.025932962527303
281,283,293,281.998226944780640,1.039013624923868
311,313,317,311.998397431781711,1.016030859803733
347,349,353,347.998563215424781,1.014372004120831
419,421,431,419.998809522122315,1.026193384906007
431,433,439,431.998842591042148,1.016206426311159
461,463,467,461.998917747650125,1.010824878717750
521,523,541,521.999042144715077,1.036400369198412
569,571,577,569.999122806342598,1.012282259592241
599,601,607,599.999166666087945,1.011668071762187
617,619,631,617.999190937981780,1.021036935408097
641,643,647,641.999221183328245,1.007789384553231
659,661,673,659.999242423807686,1.019698140150052
809,811,821,809.999382715814136,1.013581019342635
821,823,827,821.999391727268858,1.006083469553698
827,829,839,827.999396135045458,1.013285763149470
857,859,863,857.999417249219391,1.005828188982707
881,883,887,881.999433106393781,1.005669580620924
1019,1021,1031,1019.999509803803790,1.010784799493004
1031,1033,1039,1031.999515503762268,1.006783418394165
1049,1051,1061,1049.999523809415905,1.010476648742348
1061,1063,1069,1061.999529190102749,1.006591783345927
1091,1093,1097,1091.999542124446180,1.004579175798761
1151,1153,1163,1151.999565972140545,1.009548991469087
1229,1231,1237,1229.999593495867884,1.005691389282687
1277,1279,1283,1277.999608763633432,1.003912670396828
1289,1291,1297,1289.999612403042647,1.005426658682414
1301,1303,1307,1301.999615975365714,1.003840541858293
1319,1321,1327,1319.999621212066813,1.005303318785429
1427,1429,1433,1427.999649859900956,1.003501646614962
1451,1453,1459,1451.999655647342024,1.004821174939974
1481,1483,1487,1481.999662618045249,1.003374047584546
1487,1489,1493,1487.999663978456738,1.003360441633551
1607,1609,1613,1607.999689054696319,1.003109646711588
1619,1621,1627,1619.999691357995289,1.004321178997347
1667,1669,1693,1667.999700239781305,1.014988191998251
1697,1699,1709,1697.999705535899011,1.006478384200090
1721,1723,1733,1721.999709639929051,1.006388090717141
1787,1789,1801,1787.999720357920069,1.007270851048834
1871,1873,1877,1871.999732905963810,1.002671083230484
1877,1879,1889,1877.999733759299488,1.005857437593285
1931,1933,1949,1931.999741200810831,1.008799306975384
1949,1951,1973,1949.999743589726677,1.011795004838274
1997,1999,2003,1997.999749749734065,1.002502628066341
2027,2029,2039,2027.999753451661491,1.005424185347960
2081,2083,2087,2081.999759846287816,1.002401652608299
2087,2089,2099,2087.999760536384656,1.005268314523556
2111,2113,2129,2111.999763257562336,1.008049355420484
2129,2131,2137,2129.999765258202842,1.003286495546138
2141,2143,2153,2141.999766573283068,1.005135497024033
2237,2239,2243,2237.999776586226744,1.002234237673339
2267,2269,2273,2267.999779541435601,1.002204682956175
2309,2311,2333,2309.999783549773383,1.009956804591073
2339,2341,2347,2339.999786324776778,1.002991544578821
2381,2383,2389,2381.999790092349940,1.002938795350347
2549,2551,2557,2549.999803921561124,1.002745175143807
2591,2593,2609,2591.999807098758083,1.006558716885195
2657,2659,2663,2657.999811888631484,1.001881184524169
2687,2689,2693,2687.999813988088590,1.001860188377206
2711,2713,2719,2711.999815634212155,1.002581189100911
2729,2731,2741,2729.999816849810486,1.004029371387608
2789,2791,2797,2789.999820788524630,1.002509024968144
2801,2803,2819,2801.999821556025836,1.006067159003077
2969,2971,2999,2969.999831649826774,1.009764367001349
2999,3001,3011,2999.999833333328752,1.003666722425931
3119,3121,3137,3119.999839743585653,1.005448769592825
3167,3169,3181,3167.999842171713226,1.004103585377509
3251,3253,3257,3251.999846248458653,1.001537562726920
3257,3259,3271,3257.999846531610729,1.003990225316379
3299,3301,3307,3299.999848484845188,1.002121258132290
3329,3331,3343,3329.999849849846669,1.003903949170070
3359,3361,3371,3359.999851190472782,1.003273853957354
3371,3373,3389,3371.999851720044262,1.005041562582301
3389,3391,3407,3389.999852507371543,1.005014792988871
3461,3463,3467,3461.999855574809317,1.001444293655050
3467,3469,3491,3467.999855824679798,1.006632106439304
3527,3529,3533,3527.999858276641135,1.001417273788044
3539,3541,3547,3539.999858757059428,1.001977441107977
3557,3559,3571,3557.999859471610307,1.003653777695854
3581,3583,3593,3581.999860413174247,1.003070949194721
3671,3673,3677,3671.999863834420012,1.001361692906044
3767,3769,3779,3767.999867303607061,1.002919355913955
3821,3823,3833,3821.999869178438530,1.002878108633721
3851,3853,3863,3851.999870197297696,1.002855693191428
3917,3919,3923,3917.999872383867114,1.001276193920111
3929,3931,3943,3929.999872773534662,1.003307920520947
4001,4003,4007,4001.999875062466799,1.001249406570123
4019,4021,4027,4019.999875621888805,1.001741324526043
4049,4051,4057,4049.999876543207847,1.001728425597575
4091,4093,4099,4091.999877810359976,1.001710684848159
4127,4129,4133,4127.999878875967624,1.001211269687681
4157,4159,4177,4157.999879749878346,1.004569533621839
4217,4219,4229,4217.999881460405959,1.002607899205485
4229,4231,4241,4229.999881796688896,1.002600500829953
4241,4243,4253,4241.999882131068262,1.002593144312726
4259,4261,4271,4259.999882629106651,1.002582187247410
4271,4273,4283,4271.999882958800299,1.002574933834872
4337,4339,4349,4337.999884739509980,1.002535757388834
4421,4423,4441,4421.999886928990236,1.004296724006523
4481,4483,4493,4481.999888442657721,1.002454286441574
4517,4519,4523,4517.999889331561462,1.001106708895732
4547,4549,4561,4547.999890061563747,1.002858423538410
4637,4639,4643,4637.999892194909989,1.001078074152935
4649,4651,4657,4649.999892473117143,1.001505399502958
4721,4723,4729,4721.999894112663242,1.001482445159743
4787,4789,4793,4787.999895572263085,1.001044299193148
4799,4801,4813,4799.999895833332630,1.002708355093497
4931,4933,4937,4931.999898621247667,1.001013808086280
4967,4969,4973,4967.999899355876551,1.001006461502701
5009,5011,5021,5009.999900199600233,1.002195628746412
5021,5023,5039,5021.999900438071563,1.003385125427909
5099,5101,5107,5099.999901960783063,1.001372568269369
5231,5233,5237,5231.999904434250311,1.000955675775436
5279,5281,5297,5279.999905303029664,1.003219714962475
5417,5419,5431,5417.999907715023255,1.002399426450057
5441,5443,5449,5441.999908122013039,1.001286308709329
5477,5479,5483,5477.999908725812020,1.000912758553760
5501,5503,5507,5501.999909123954239,1.000908776982667
5519,5521,5527,5519.999909420289441,1.001268132372206
5639,5641,5647,5639.999911347516900,1.001241150489808
5651,5653,5657,5651.999911535738647,1.000884658270085
5657,5659,5669,5657.999911629550297,1.001944165525319
5741,5743,5749,5741.999912922326075,1.001219102609514
5849,5851,5857,5849.999914529914349,1.001196595824335
5867,5869,5879,5867.999914792091658,1.001874588508459
5879,5881,5897,5879.999914965986136,1.002891170965963
6089,6091,6101,6089.999917898193416,1.001806253243038
6131,6133,6143,6131.999918460533991,1.001793881553447
6197,6199,6203,6197.999919328814940,1.000806724868710
6269,6271,6277,6269.999920255182587,1.001116440164888
6299,6301,6311,6299.999920634920272,1.001746044365659
6359,6361,6367,6359.999921383647234,1.001100641305484
6449,6451,6469,6449.999922480619716,1.002945748488021
6551,6553,6563,6551.999923687423689,1.001678888345650
6569,6571,6577,6569.999923896499240,1.001065460606482
6659,6661,6673,6659.999924924924926,1.001951963246489
6689,6691,6701,6689.999925261584394,1.001644256332034
6701,6703,6709,6701.999925395403807,1.001044475482322
6761,6763,6779,6761.999926057378616,1.002514060060414
6779,6781,6791,6779.999926253686681,1.001622429773741
6791,6793,6803,6791.999926383980892,1.001619563270796
6827,6829,6833,6827.999926772114122,1.000732289584287
6869,6871,6883,6869.999927219795609,1.001892295912362
6947,6949,6959,6947.999928036844722,1.001583199780813
6959,6961,6967,6959.999928160918898,1.001005757458525
7127,7129,7151,7127.999929854096081,1.003226721432694
7211,7213,7219,7211.999930671103357,1.000970614170298
7307,7309,7321,7307.999931581827695,1.001778881847274
7331,7333,7349,7331.999931805782580,1.002318612704901
7349,7351,7369,7349.999931972788545,1.002585043292934
7457,7459,7477,7457.999932957896817,1.002547608904921
7487,7489,7499,7487.999933226495159,1.001469026024519
7547,7549,7559,7547.999933757286271,1.001457348481618
7559,7561,7573,7559.999933862433863,1.001719585482976
7589,7591,7603,7589.999934123847197,1.001712788667851
7757,7759,7789,7757.999935550399641,1.003995883566271
7877,7879,7883,7877.999936532114589,1.000634686913959
7949,7951,7963,7949.999937106917969,1.001635228049802
8009,8011,8017,8009.999937578027129,1.000873915415296
8087,8089,8093,8087.999938180019853,1.000618207450321
8219,8221,8231,8219.999939172748782,1.001338206923194
8231,8233,8237,8231.999939261419058,1.000607393194299
8291,8293,8297,8291.999939700916002,1.000602998110883
8387,8389,8419,8387.999940391035125,1.003695762974400
8429,8431,8443,8429.999940688017887,1.001542118553197
8537,8539,8543,8537.999941438276437,1.000585624103539
8597,8599,8609,8597.999941846941510,1.001279374066929
8627,8629,8641,8627.999942049142192,1.001506729026214
8819,8821,8831,8819.999943310656818,1.001247171968259
8837,8839,8849,8837.999943426113532,1.001244631890054
8861,8863,8867,8861.999943579327010,1.000564213095521
8969,8971,8999,8969.999944258639516,1.003233005119462
8999,9001,9007,8999.999944444443827,1.000777783955418
9011,9013,9029,9011.999944518420307,1.001886379891948
9041,9043,9049,9041.999944702498397,1.000774171128104
9239,9241,9257,9239.999945887446302,1.001839832706938
9281,9283,9293,9281.999946132298646,1.001185095230720
9341,9343,9349,9341.999946478270431,1.000749309950956
9419,9421,9431,9419.999946921443552,1.001167733879038
9431,9433,9437,9431.999946988973534,1.000530115886252
9437,9439,9461,9437.999947022673950,1.002436962609285
9461,9463,9467,9461.999947157049974,1.000528435095210
9629,9631,9643,9629.999948078919260,1.001349953477796
9677,9679,9689,9677.999948336433590,1.001136603815074
9719,9721,9733,9719.999948559670884,1.001337453858964
9767,9769,9781,9767.999948812448565,1.001330881578181
9857,9859,9871,9857.999949279772409,1.001318731059760
9929,9931,9941,9929.999949647532048,1.001107759356319
10007,10009,10037,10007.999950039968098,1.002897686860991
10037,10039,10061,10037.999950189279843,1.002291298059858
10067,10069,10079,10067.999950337703922,1.001092575458538
10091,10093,10099,10091.999950455807266,1.000693623620547
10139,10141,10151,10139.999950690335027,1.001084817491436
10271,10273,10289,10271.999951323987261,1.001654989170227
10301,10303,10313,10301.999951465733830,1.001067758550387
10331,10333,10337,10331.999951606658215,1.000483938096860
10427,10429,10433,10427.999952052166918,1.000479482927774
10457,10459,10463,10457.999952189711621,1.000478107461575
10499,10501,10513,10499.999952380952891,1.001238099778857
10529,10531,10559,10529.999952516618578,1.002754040609131
10709,10711,10723,10709.999953314658342,1.001213823225211
10859,10861,10867,10859.999953959484628,1.000644571461344
10889,10891,10903,10889.999954086317302,1.001193759960376
10937,10939,10949,10937.999954287803121,1.001005672495718
11057,11059,11069,11057.999954783866997,1.000994759021623
11069,11071,11083,11069.999954832881485,1.001174349161713
11117,11119,11131,11117.999955027882606,1.001169279099182
11159,11161,11171,11159.999955197132294,1.000985667100988
11171,11173,11177,11171.999955245255478,1.000447551447796
11351,11353,11369,11351.999955954897814,1.001497537360030
11489,11491,11497,11489.999956483898131,1.000609229203012
11549,11551,11579,11549.999956709956678,1.002510826268289
11699,11701,11717,11699.999957264957629,1.001452995110866
11717,11719,11731,11717.999957330603138,1.001109407980606
11777,11779,11783,11777.999957547970553,1.000424523897950
11831,11833,11839,11831.999957741716571,1.000591619530365
11939,11941,11953,11939.999958123953547,1.001088780730456
11969,11971,11981,11969.999958228905598,1.000918967569714
12041,12043,12049,12041.999958478658300,1.000581302237625
12071,12073,12097,12071.999958581842293,1.002070911324050
12107,12109,12113,12107.999958704987876,1.000412953527591
12161,12163,12197,12161.999958888340188,1.002877819538725
12239,12241,12251,12239.999959150327413,1.000898696150848
12251,12253,12263,12251.999959190336085,1.000897815935872
12377,12379,12391,12377.999959605751428,1.001050253711155
12539,12541,12547,12539.999960127592203,1.000558216897501
12611,12613,12619,12611.999960355216899,1.000555030103615
12821,12823,12829,12821.999961004523357,1.000545939714301
12917,12919,12923,12917.999961294317472,1.000387059817361
13001,13003,13007,13001.999961544377584,1.000384559180927
13007,13009,13033,13007.999961562116368,1.001921897179563
13217,13219,13229,13217.999962172794767,1.000832201381350
13337,13339,13367,13337.999962513120408,1.002174241832987
13397,13399,13411,13397.999962680996759,1.000970296861861
13679,13681,13687,13679.999963450292853,1.000511698579562
13691,13693,13697,13691.999963482325256,1.000365179413600
13709,13711,13721,13709.999963530270179,1.000802336724945
13721,13723,13729,13721.999963562162520,1.000510132375487
13757,13759,13763,13757.999963657508488,1.000363427558926
13829,13831,13841,13829.999963846710671,1.000795374995086
13877,13879,13883,13877.999963971753459,1.000360285058454
13901,13903,13907,13901.999964033951983,1.000359663068550
13931,13933,13963,13931.999964111397276,1.002225095892080
13997,13999,14009,13997.999964280610584,1.000785829100404
14009,14011,14029,14009.999964311205986,1.001356176712148
14081,14083,14087,14081.999964493679727,1.000355065723543
14249,14251,14281,14249.999964912280120,1.002175441064144
14321,14323,14327,14321.999965088674799,1.000349115690791
14387,14389,14401,14387.999965248818626,1.000903533137516
14447,14449,14461,14447.999965393133607,1.000899780913483
14549,14551,14557,14549.999965635739500,1.000481102019299
14561,14563,14591,14561.999965664057527,1.001991487048779
14591,14593,14621,14591.999965734648868,1.001987392703773
14627,14629,14633,14627.999965818977216,1.000341812564445
14867,14869,14879,14867.999966370729453,1.000739846223712
15137,15139,15149,15137.999966970537571,1.000726650353644
15269,15271,15277,15269.999967256057062,1.000458417338504
15287,15289,15299,15287.999967294610542,1.000719520717486
15329,15331,15349,15329.999967384213960,1.001239401999753
15359,15361,15373,15359.999967447916788,1.000846356287737
15581,15583,15601,15581.999967911693602,1.001219357728625
15641,15643,15647,15641.999968034777339,1.000319654262591
15647,15649,15661,15647.999968047035509,1.000830779139795
15731,15733,15737,15731.999968217645801,1.000317825565246
15737,15739,15749,15737.999968229762089,1.000698947248217
15887,15889,15901,15887.999968529707985,1.000818229575531
15971,15973,15991,15971.999968695216012,1.001189583730405
16061,16063,16067,16061.999968870626617,1.000311295675449
16067,16069,16073,16067.999968882249959,1.000311179432875
16139,16141,16183,16139.999969021066136,1.002664190276423
16187,16189,16193,16187.999969112923282,1.000308872677083
16229,16231,16249,16229.999969192853314,1.001170673496193
16361,16363,16369,16361.999969441389112,1.000427822428290
16451,16453,16477,16451.999969608557876,1.001519573938586
16631,16633,16649,16631.999969937471178,1.001022127831485
16649,16651,16657,16649.999969969969243,1.000420422224784
16691,16693,16699,16691.999970045530063,1.000419364364188
16829,16831,16843,16829.999970291148202,1.000772431950790
16901,16903,16921,16901.999970417702571,1.001124129074403
16979,16981,16987,16979.999970553591993,1.000412251440433
17027,17029,17033,17027.999970636599755,1.000293635739489
17189,17191,17203,17189.999970913322613,1.000756255329184
17207,17209,17231,17207.999970943747030,1.001336589324447
17291,17293,17299,17291.999971084893332,1.000404813146357
17387,17389,17393,17387.999971244535118,1.000287556289610
17417,17419,17431,17417.999971294062561,1.000746355995370
17489,17491,17497,17489.999971412235027,1.000400230337290
17579,17581,17597,17579.999971558590914,1.000967009582987
17597,17599,17609,17597.999971587680193,1.000625072646328
17657,17659,17669,17657.999971684221237,1.000622948710693
17681,17683,17707,17681.999971722656483,1.001413868811069
17747,17749,17761,17747.999971827812260,1.000732478487313
17789,17791,17807,17789.999971894321789,1.000955594611160
17837,17839,17851,17837.999971969951730,1.000728782826016
17909,17911,17921,17909.999972082634486,1.000614183580933
17921,17923,17929,17921.999972101326421,1.000390582965605
17957,17959,17971,17957.999972157256707,1.000723912900262
17987,17989,18013,17987.999972203691868,1.001389816979928
18041,18043,18047,18041.999972286885168,1.000277132674914
18047,18049,18059,18047.999972296100168,1.000609487351551
18059,18061,18077,18059.999972314508341,1.000941308289676
18119,18121,18127,18119.999972406181769,1.000386314989210
18131,18133,18143,18131.999972424444422,1.000606663776323
18251,18253,18257,18251.999972605743096,1.000273944082937
18287,18289,18301,18287.999972659668856,1.000710850139970
18311,18313,18329,18311.999972695499309,1.000928354485029
18521,18523,18539,18521.999973005076754,1.000917828907229
18539,18541,18553,18539.999973031284753,1.000701188079160
18911,18913,18917,18911.999973561760271,1.000264383801038
18917,18919,18947,18917.999973570145812,1.001532932998751
19079,19081,19087,19079.999973794550897,1.000366877684228
19139,19141,19157,19139.999973876696458,1.000888193633569
19181,19183,19207,19181.999973933896399,1.001303306542596
19211,19213,19219,19211.999973974598106,1.000364356966213
19379,19381,19387,19379.999974200207362,1.000361198442163
19421,19423,19427,19421.999974255999405,1.000257441342325
19427,19429,19433,19427.999974263948388,1.000257361835633
19469,19471,19477,19469.999974319467583,1.000359528797625
19541,19543,19553,19541.999974414084136,1.000562891495257
19697,19699,19709,19697.999974616712279,1.000558433617497
19751,19753,19759,19751.999974686106725,1.000354395773738
19841,19843,19853,19841.999974800928612,1.000554380869521
19889,19891,19913,19889.999974861741066,1.001156361245215
19961,19963,19973,19961.999974952410412,1.000551048244735
19991,19993,19997,19991.999974989994371,1.000250101291330
20021,20023,20029,20021.999975027469191,1.000349616670725
20147,20149,20161,20147.999975183640345,1.000645226565037
20231,20233,20249,20231.999975286675181,1.000840254286976
20357,20359,20369,20357.999975439630362,1.000540329333610
20441,20443,20477,20441.999975540555170,1.001712162435247
20477,20479,20483,20477.999975583552441,1.000244165661803
20507,20509,20521,20507.999975619270117,1.000633900155851
20549,20551,20563,20549.999975669099513,1.000632604591061
20639,20641,20663,20639.999975775193889,1.001114342260262
20717,20719,20731,20717.999975866398017,1.000627474859965
20747,20749,20753,20747.999975901289872,1.000240988244868
20771,20773,20789,20771.999975929134962,1.000818410557027
20807,20809,20849,20807.999975970778905,1.001970397158620
20897,20899,20903,20897.999976074264850,1.000239258490356
20981,20983,21001,20981.999976170049194,1.000905539217021
21011,21013,21017,21011.999976204075210,1.000237960394136
21017,21019,21023,21017.999976210867317,1.000237892463355
21059,21061,21067,21059.999976258310198,1.000332384793427
21191,21193,21211,21191.999976406190399,1.000896565855746
21317,21319,21323,21317.999976545641402,1.000234544678669
21377,21379,21383,21377.999976611470629,1.000233886396950
21491,21493,21499,21491.999976735529344,1.000325703669833
21521,21523,21529,21521.999976767958287,1.000325249662652
21557,21559,21563,21557.999976806753693,1.000231933537370
21587,21589,21599,21587.999976838986186,1.000509543411748
21599,21601,21611,21599.999976851850079,1.000509260331479
21611,21613,21617,21611.999976864703058,1.000231354022795
21647,21649,21661,21647.999976903178322,1.000600518436377
21737,21739,21751,21737.999976998802595,1.000598032156360
21839,21841,21851,21839.999977106228471,1.000503664052441
22037,22039,22051,22037.999977311916155,1.000589891219778
22091,22093,22109,22091.999977367373504,1.000769510349902
22109,22111,22123,22109.999977385799866,1.000587970268091
22157,22159,22171,22157.999977434785251,1.000586696569115
22271,22273,22277,22271.999977550287440,1.000224498134642
22277,22279,22283,22277.999977556333761,1.000224437671636
22367,22369,22381,22367.999977646639309,1.000581188410513
22481,22483,22501,22481.999977759984176,1.000845121530950
22541,22543,22549,22541.999977819181368,1.000310532436683
22571,22573,22613,22571.999977848663548,1.001816410694293
22619,22621,22637,22619.999977895666234,1.000751548281209
22637,22639,22643,22637.999977913244948,1.000220868543671
22697,22699,22709,22697.999977971627231,1.000484625166933
22739,22741,22751,22739.999978012314386,1.000483730079082
22859,22861,22871,22859.999978127732902,1.000481190808521
22961,22963,22973,22961.999978224892402,1.000479053296121
23027,23029,23039,23027.999978287301929,1.000477680290215
23039,23041,23053,23039.999978298612405,1.000564237053543
23057,23059,23063,23057.999978315550834,1.000216845419774
23201,23203,23209,23201.999978450134222,1.000301699058545
23291,23293,23297,23291.999978533400281,1.000214666901563
23369,23371,23399,23369.999978605050273,1.001240908062537
23537,23539,23549,23537.999978757754434,1.000467330327648
23561,23563,23567,23561.999978779389494,1.000212206995379
23627,23629,23633,23627.999978838666721,1.000211614235899
23669,23671,23677,23669.999978876214300,1.000295733888045
23687,23689,23719,23687.999978892265062,1.001308680392408
23741,23743,23747,23741.999978940275469,1.000210598141023
23831,23833,23857,23831.999979019805323,1.001049010616071
23909,23911,23917,23909.999979088246619,1.000292765408527
24107,24109,24113,24107.999979259995598,1.000207400893658
24179,24181,24197,24179.999979321753926,1.000703061236261
24371,24373,24379,24371.999979484655341,1.000287215678698
24419,24421,24439,24419.999979524978698,1.000778051617156
24917,24919,24923,24917.999979934185831,1.000200658964196
24977,24979,24989,24977.999979982385412,1.000440388342799
25031,25033,25037,25031.999980025568220,1.000199745125376
25169,25171,25183,25169.999980135082296,1.000516488672037
25301,25303,25307,25301.999980238717399,1.000197613618101
25307,25309,25321,25307.999980243399477,1.000513672347351
25409,25411,25423,25409.999980322707415,1.000511610377307
25469,25471,25523,25469.999980369062541,1.002080880238390
25577,25579,25583,25577.999980451950250,1.000195481255449
25601,25603,25609,25601.999980470274750,1.000273416902393
25799,25801,25819,25799.999980620155839,1.000736434860237
25847,25849,25867,25847.999980656142725,1.000735067291786
25931,25933,25939,25931.999980718803272,1.000269937501404
25997,25999,26003,25997.999980767752277,1.000192323226246
26111,26113,26119,26111.999980851716828,1.000268076713902
26249,26251,26261,26249.999980952379701,1.000419048344975
26261,26263,26267,26261.999980961085384,1.000190389880532
26681,26683,26687,26681.999981260774803,1.000187392951905
26699,26701,26711,26699.999981273409503,1.000411985720386
26711,26713,26717,26711.999981281820510,1.000187182491827
26729,26731,26737,26729.999981294426107,1.000261878739636
26861,26863,26879,26861.999981386343279,1.000632864962603
26879,26881,26891,26879.999981398810633,1.000409226882768
26891,26893,26903,26891.999981407108862,1.000409044273408
26951,26953,26959,26951.999981448501785,1.000259721673951
27059,27061,27067,27059.999981522541930,1.000258685088036
27107,27109,27127,27107.999981555261911,1.000700900784184
27239,27241,27253,27239.999981644639774,1.000477240028051
27281,27283,27299,27281.999981672899594,1.000623122144217
27407,27409,27427,27407.999981757151545,1.000693228920589
27479,27481,27487,27479.999981804947311,1.000254731375535
27527,27529,27539,27527.999981836674124,1.000399593801605
27539,27541,27551,27539.999981844590366,1.000399419686371
27581,27583,27611,27581.999981872235367,1.001051410998000
27689,27691,27697,27689.999981942939485,1.000252799496628
27737,27739,27743,27737.999981974186085,1.000180258779619
27749,27751,27763,27749.999981981982273,1.000468469118071
27791,27793,27799,27791.999982009212545,1.000251871689526
27917,27919,27941,27917.999982090408594,1.000823841891409
27941,27943,27947,27941.999982105789968,1.000178942734858
28097,28099,28109,28097.999982205139531,1.000391487572134
28109,28111,28123,28109.999982212735631,1.000462469505354
28181,28183,28201,28181.999982258177624,1.000674189828748
28277,28279,28283,28277.999982318411639,1.000176816524673
28307,28309,28319,28307.999982337147230,1.000388583356991
28349,28351,28387,28349.999982363315212,1.001305115261365
28409,28411,28429,28409.999982400564477,1.000668779218979
28547,28549,28559,28547.999982485638611,1.000385316572828
28571,28573,28579,28571.999982500350598,1.000244995712724
28619,28621,28627,28619.999982529698173,1.000244584817420
28661,28663,28669,28661.999982555298629,1.000244226412984
28751,28753,28759,28751.999982609904691,1.000243461929408
29021,29023,29027,29021.999982771689247,1.000172283689314
29129,29131,29137,29129.999982835564879,1.000240302683438
29207,29209,29221,29207.999982881403412,1.000445084125110
29387,29389,29399,29387.999982986253599,1.000374303015521
29399,29401,29411,29399.999982993198500,1.000374150238543
29567,29569,29573,29567.999983089826856,1.000169102303606
29669,29671,29683,29669.999983147961757,1.000438153584746
29759,29761,29789,29759.999983198926202,1.000974462930694
29879,29881,29917,29879.999983266399795,1.001238287039971
30011,30013,30029,30011.999983339996106,1.000566440646056
30089,30091,30097,30089.999983383182553,1.000232635979418
30137,30139,30161,30137.999983409648848,1.000763156699284
30269,30271,30293,30269.999983481993695,1.000759828758855
30389,30391,30403,30389.999983547219017,1.000427772835137
30467,30469,30491,30467.999983589339536,1.000754890915815
30491,30493,30497,30491.999983602257998,1.000163977974565
30557,30559,30577,30557.999983637673722,1.000621768976127
30839,30841,30851,30839.999983787289239,1.000356680162727
30851,30853,30859,30851.999983793593856,1.000226890192211
30869,30871,30881,30869.999983803045325,1.000356333534264
31079,31081,31091,31079.999983912483003,1.000353925871725
31121,31123,31139,31121.999983934194461,1.000546237904845
31151,31153,31159,31151.999983949666785,1.000224705189199
31181,31183,31189,31181.999983965106367,1.000224489001299
31247,31249,31253,31247.999983998975949,1.000160010752803
31319,31321,31327,31319.999984035759553,1.000223499871258
31391,31393,31397,31391.999984072375810,1.000159276756185
31511,31513,31517,31511.999984133028192,1.000158670216727
31541,31543,31547,31541.999984148118529,1.000158519302974
31721,31723,31727,31721.999984238067555,1.000157619814779
31727,31729,31741,31727.999984241050697,1.000409733225082
31769,31771,31793,31769.999984261881764,1.000723953910907
31847,31849,31859,31847.999984300426149,1.000345391098499
32027,32029,32051,32027.999984388661687,1.000718122131340
32057,32059,32063,32057.999984403268172,1.000155967795844
32117,32119,32141,32117.999984432404744,1.000716109831831
32141,32143,32159,32141.999984444028087,1.000528903477201
32189,32191,32203,32189.999984467227478,1.000403852610719
32297,32299,32303,32297.999984519166901,1.000154808826653
32321,32323,32327,32321.999984530659276,1.000154693876361
32369,32371,32377,32369.999984553600370,1.000216250091126
32411,32413,32423,32411.999984573612892,1.000339380952475
32441,32443,32467,32441.999984587881045,1.000770606479995
32531,32533,32537,32531.999984630518156,1.000153695296073
32561,32563,32569,32561.999984644677170,1.000214974981839
32609,32611,32621,32609.999984667279932,1.000337320310883
32717,32719,32749,32717.999984717891493,1.000947491145443
32801,32803,32831,32801.999984757028869,1.000884092898495
32831,32833,32839,32831.999984770955052,1.000213207091627
32909,32911,32917,32909.999984807051078,1.000212701768343
32939,32941,32957,32939.999984820889949,1.000516090321401
32969,32971,32983,32969.999984834699717,1.000394298306681
33071,33073,33083,33071.999984881469572,1.000332608101220
33149,33151,33161,33149.999984917041729,1.000331825492849
33179,33181,33191,33179.999984930684150,1.000331525469389
33287,33289,33301,33287.999984979571309,1.000390531573729
33329,33331,33343,33329.999984998503351,1.000390039454166
33347,33349,33353,33347.999985006594216,1.000149934478699
33587,33589,33599,33587.999985113732691,1.000327498359269
33599,33601,33613,33599.999985119044140,1.000386905204962
33617,33619,33623,33617.999985127018590,1.000148730289583
33749,33751,33757,33749.999985185182595,1.000207407846456
33767,33769,33773,33767.999985193084285,1.000148069616474
33809,33811,33827,33809.999985211477906,1.000502810257201
33827,33829,33851,33827.999985219343216,1.000679910570850
34031,34033,34039,34031.999985307942552,1.000205689195319
34127,34129,34141,34127.999985349269991,1.000380919323028
34157,34159,34171,34157.999985362141160,1.000380584772043
34211,34213,34217,34211.999985385242326,1.000146147977812
34259,34261,34267,34259.999985405724146,1.000204320332670
34301,34303,34313,34301.999985423593898,1.000320681434933
34367,34369,34381,34367.999985451584507,1.000378259268911
34469,34471,34483,34469.999985494636348,1.000377139962600
34499,34501,34511,34499.999985507245583,1.000318840999924
34511,34513,34519,34511.999985512287822,1.000202828421727
34589,34591,34603,34589.999985544956871,1.000375831583130
34649,34651,34667,34649.999985569986166,1.000490620907275
34757,34759,34763,34757.999985614820616,1.000143852189057
34841,34843,34847,34841.999985649505106,1.000143505377204
34847,34849,34871,34847.999985651971656,1.000660009594740
34961,34963,34981,34961.999985698756063,1.000543447580488
35051,35053,35059,35051.999985735477821,1.000199703704992
35081,35083,35089,35081.999985747679602,1.000199532930140
35279,35281,35291,35279.999985827664204,1.000311791785055
35447,35449,35461,35447.999985894828569,1.000366734769531
35507,35509,35521,35507.999985918664606,1.000366115075096
35531,35533,35537,35531.999985928174283,1.000140718621913
35591,35593,35597,35591.999985951901181,1.000140481401722
35729,35731,35747,35729.999986006157997,1.000475791043955
35801,35803,35809,35801.999986034301401,1.000195520193521
35837,35839,35851,35837.999986048329447,1.000362743846106
35897,35899,35911,35897.999986071648891,1.000362137554554
36011,36013,36017,36011.999986115741194,1.000138842993618
36107,36109,36131,36107.999986152652127,1.000636978338766
36341,36343,36353,36341.999986241811712,1.000302680473346
36467,36469,36473,36467.999986289352819,1.000137106880348
36527,36529,36541,36527.999986311871908,1.000355891745866
36779,36781,36787,36779.999986405651725,1.000190321196219
36791,36793,36809,36791.999986410090060,1.000462057338448
36899,36901,36913,36899.999986449867720,1.000352303890377
36929,36931,36943,36929.999986460868968,1.000352017696829
37019,37021,37039,37019.999986493785400,1.000513236453624
37199,37201,37217,37199.999986559138051,1.000456989608790
37307,37309,37313,37307.999986598049873,1.000134019872514
37337,37339,37357,37337.999986608818290,1.000508865322138
37361,37363,37369,37361.999986617418472,1.000187356495506
37547,37549,37561,37547.999986683709722,1.000346223855356
37571,37573,37579,37571.999986692215316,1.000186309307736
37589,37591,37607,37589.999986698589055,1.000452248292297
37691,37693,37699,37691.999986734583217,1.000185716153769
37781,37783,37799,37781.999986766182701,1.000449950061928
37811,37813,37831,37811.999986776681908,1.000502486333174
37991,37993,37997,37991.999986839335179,1.000131607000484
38237,38239,38261,38237.999986924005498,1.000601496236306
38327,38329,38333,38327.999986954710039,1.000130453272986
38447,38449,38453,38447.999986995419022,1.000130046114395
38459,38461,38501,38459.999986999479006,1.001066042980093
38567,38569,38593,38567.999987035887898,1.000648206102793
38609,38611,38629,38609.999987049988704,1.000492100827671
38651,38653,38669,38651.999987064060406,1.000439822336273
38669,38671,38677,38669.999987070077623,1.000181019212109
38711,38713,38723,38711.999987084105669,1.000284149951425
38747,38749,38767,38747.999987096110999,1.000490348222107
38921,38923,38933,38921.999987153794791,1.000282616845225
39041,39043,39047,39041.999987193281413,1.000128067537738
39161,39163,39181,39161.999987232520652,1.000485164515951
39227,39229,39233,39227.999987253999279,1.000127460302529
39239,39241,39251,39239.999987257899193,1.000280326522571
39341,39343,39359,39341.999987290939316,1.000432108502734
39371,39373,39383,39371.999987300616340,1.000279386688584
39509,39511,39521,39509.999987344977853,1.000278410849368
39827,39829,39839,39827.999987446019077,1.000276187922001
39839,39841,39847,39839.999987449802575,1.000175703126315
40037,40039,40063,40037.999987511866493,1.000624407125629
40127,40129,40151,40127.999987539871654,1.000573166179906
40151,40153,40163,40151.999987547322235,1.000273959266191
40427,40429,40433,40427.999987632334523,1.000123676965697
40529,40531,40543,40529.999987663461070,1.000320750366161
40637,40639,40693,40637.999987696246535,1.001353413364841
40697,40699,40709,40697.999987714385497,1.000270283853972
40847,40849,40853,40847.999987759496435,1.000122405313406
41141,41143,41149,41141.999987846967997,1.000170142728966
41177,41179,41183,41177.999987857590895,1.000121424356304
41201,41203,41213,41201.999987864663126,1.000266977625809
41231,41233,41243,41231.999987873496138,1.000266783375285
41387,41389,41399,41387.999987919203704,1.000265777812023
41411,41413,41443,41411.999987926203175,1.000748575583957
41519,41521,41539,41519.999987957613484,1.000457611080152
41609,41611,41617,41609.999987983654137,1.000168229079990
41759,41761,41771,41759.999988026822393,1.000263410248475
41849,41851,41863,41849.999988052572007,1.000310633499430
41957,41959,41969,41957.999988083320204,1.000262167212923
41981,41983,41999,41981.999988090130500,1.000404935732330
42017,42019,42023,42017.999988100338669,1.000118996903734
42071,42073,42083,42071.999988115610904,1.000261456833226
42179,42181,42187,42179.999988146038959,1.000165955710193
42221,42223,42227,42221.999988157833286,1.000118421956411
42281,42283,42293,42281.999988174633472,1.000260158266602
42407,42409,42433,42407.999988209769072,1.000589511691124
42461,42463,42467,42461.999988224764820,1.000117752620617
42569,42571,42577,42569.999988254639902,1.000164435324108
42641,42643,42649,42641.999988274474163,1.000164157678520
42701,42703,42709,42701.999988290946931,1.000163927022411
42839,42841,42853,42839.999988328665495,1.000303454987742
42899,42901,42923,42899.999988344985468,1.000536130807955
43049,43051,43063,43049.999988385599863,1.000301974718186
43319,43321,43331,43319.999988457988366,1.000253924550899
43397,43399,43403,43397.999988478732121,1.000115212948122
43541,43543,43573,43541.999988516836311,1.000711956536019
43577,43579,43591,43577.999988526324159,1.000298315927236
43607,43609,43613,43607.999988534211298,1.000114658123902
43649,43651,43661,43649.999988545248925,1.000252004844390
43781,43783,43787,43781.999988579780620,1.000114202444418
43787,43789,43793,43787.999988581344951,1.000114186795925
43889,43891,43913,43889.999988607880368,1.000524037625839
43961,43963,43969,43961.999988626543200,1.000159228683301
44027,44029,44041,44027.999988643590768,1.000295266906509
44087,44089,44101,44087.999988659044902,1.000294865073133
44129,44131,44159,44129.999988669842423,1.000657149588434
44201,44203,44207,44201.999988688294252,1.000113117309465
44267,44269,44273,44267.999988705159922,1.000112948660344
44279,44281,44293,44279.999988708223100,1.000293586524279
44381,44383,44389,44381.999988734169165,1.000157721852724
44531,44533,44537,44531.999988772120560,1.000112279062902
44621,44623,44633,44621.999988794763340,1.000246515423065
44699,44701,44711,44699.999988814321114,1.000246085261486
44771,44773,44777,44771.999988832307281,1.000111677190408
45119,45121,45127,45119.999988918440067,1.000155142089612
45137,45139,45161,45137.999988922856573,1.000509548741255
45179,45181,45191,45179.999988933159329,1.000243470807205
45317,45319,45329,45317.999988966854289,1.000242729401911
45341,45343,45361,45341.999988972696883,1.000419037780246
45587,45589,45599,45587.999989032199665,1.000241291808600
45821,45823,45827,45821.999989088209986,1.000109118129130
46049,46051,46061,46049.999989142233972,1.000238871028455
46091,46093,46099,46091.999989152129274,1.000151870408087
46181,46183,46187,46181.999989173273207,1.000108267524748
46271,46273,46279,46271.999989194329828,1.000151279624985
46307,46309,46327,46307.999989202726283,1.000410296510359
46349,46351,46381,46349.999989212512446,1.000668824396865
46439,46441,46447,46439.999989233416272,1.000150732359350
46589,46591,46601,46589.999989268086210,1.000236102398250
46679,46681,46687,46679.999989288771758,1.000149957384594
46769,46771,46807,46769.999989309384546,1.000791105638210
46817,46819,46829,46817.999989320349414,1.000234952596911
46829,46831,46853,46829.999989323085174,1.000491138387405
47057,47059,47087,47057.999989374817233,1.000616261010492
47147,47149,47161,47147.999989395095326,1.000275727721384
47351,47353,47363,47351.999989440781064,1.000232302976890
47387,47389,47407,47387.999989448806446,1.000400945609762
47417,47419,47431,47417.999989455478499,1.000274157715370
47657,47659,47681,47657.999989508578437,1.000482605449169
47699,47701,47711,47699.999989517818904,1.000230608186260
47711,47713,47717,47711.999989520452800,1.000104795658967
47741,47743,47777,47741.999989527037542,1.000733107336949
47777,47779,47791,47777.999989534931956,1.000272091976808
47807,47809,47819,47807.999989541502146,1.000230087233536
48119,48121,48131,48119.999989609306795,1.000228595394702
48311,48313,48337,48311.999989650605130,1.000517469994096
48407,48409,48413,48407.999989671130606,1.000103288926003
48479,48481,48487,48479.999989686468325,1.000144389651712
48539,48541,48563,48539.999989699215803,1.000473836223850
48647,48649,48661,48647.999989722084138,1.000267225996560
48677,48679,48731,48677.999989728421497,1.001088787753867
48731,48733,48751,48731.999989739801094,1.000389887758848
48779,48781,48787,48779.999989749900124,1.000143501645174
48821,48823,48847,48821.999989758718584,1.000512064443213
48857,48859,48869,48857.999989766263752,1.000225142458472
48869,48871,48883,48869.999989768773958,1.000266012077633
48989,48991,49003,48989.999989793832356,1.000265360485995
49031,49033,49037,49031.999989802578057,1.000101974428913
49121,49123,49139,49121.999989821262716,1.000346077321409
49169,49171,49177,49169.999989831194398,1.000142363436450
49199,49201,49207,49199.999989837400790,1.000142276629350
49277,49279,49297,49277.999989853487932,1.000385567802070
49331,49333,49339,49331.999989864591043,1.000141895932394
49367,49369,49391,49367.999989871983416,1.000465889040122
49391,49393,49409,49391.999989876901964,1.000344185498190
49409,49411,49417,49409.999989880590874,1.000141671931205
49529,49531,49537,49529.999989905110851,1.000141328691628
49547,49549,49559,49547.999989908777934,1.000222007146473
49667,49669,49681,49667.999989933159668,1.000261738142657
49739,49741,49747,49739.999989947726135,1.000140732007513
49787,49789,49801,49787.999989957417711,1.000261107295839
49919,49921,49927,49919.999989983974956,1.000140224559644
49937,49939,49943,49937.999989987583831,1.000100124354468
49991,49993,49999,49991.999989998403180,1.000140022603677
50021,50023,50033,50021.999990004398569,1.000219903442441
50051,50053,50069,50051.999990010386682,1.000339646967014
50129,50131,50147,50129.999990025935404,1.000339118491471
50261,50263,50273,50261.999990052128851,1.000218853407147
50459,50461,50497,50459.999990091164364,1.000733254259138
50549,50551,50581,50549.999990108801285,1.000613254399550
50591,50593,50599,50591.999990117015841,1.000138361991705
50891,50893,50909,50891.999990175274434,1.000334040906783
50969,50971,50989,50969.999990190306562,1.000372768487607
51059,51061,51071,51059.999990207601513,1.000215433015952
51131,51133,51137,51131.999990221389453,1.000097786313455
51197,51199,51203,51197.999990233991412,1.000097660255615
51239,51241,51257,51239.999990241994965,1.000331772243584
51341,51343,51347,51341.999990261385392,1.000097386345284
51347,51349,51361,51347.999990262520441,1.000253174607384
51419,51421,51427,51419.999990276155586,1.000136133989210
51437,51439,51449,51437.999990279560734,1.000213849872128
51479,51481,51487,51479.999990287491528,1.000135975324666
51719,51721,51749,51719.999990332558809,1.000560711710612
51767,51769,51787,51767.999990341522789,1.000367022285235
51827,51829,51839,51827.999990352705936,1.000212240673947
51869,51871,51893,51869.999990360513038,1.000443416418812
51971,51973,51977,51971.999990379437804,1.000096205834324
52067,52069,52081,52067.999990397169313,1.000249673688354
52181,52183,52189,52181.999990418153175,1.000134146057704
52289,52291,52301,52289.999990437943779,1.000210365453511
52361,52363,52369,52361.999990451091435,1.000133684915591
52541,52543,52553,52541.999990483804140,1.000209356505618
52709,52711,52721,52709.999990514130332,1.000208689233312
52859,52861,52879,52859.999990541051375,1.000359440209276
52901,52903,52919,52901.999990548560163,1.000321349088021
53087,53089,53093,53087.999990581673046,1.000094183420344
53147,53149,53161,53147.999990592310496,1.000244600162000
53171,53173,53189,53171.999990596552379,1.000319717321268
53231,53233,53239,53231.999990607153450,1.000131500026189
53267,53269,53279,53267.999990613498085,1.000206503142383
53279,53281,53299,53279.999990615615388,1.000356606782803
53549,53551,53569,53549.999990662930941,1.000354808764526
53591,53593,53597,53591.999990670250554,1.000093297681195
53609,53611,53617,53609.999990673379216,1.000130572828350
53717,53719,53731,53717.999990692129359,1.000242004715554
53897,53899,53917,53897.999990723219526,1.000352517890832
54011,54013,54037,54011.999990742799127,1.000462860276633
54401,54403,54409,54401.999990809163137,1.000128671908974
54419,54421,54437,54419.999990812204487,1.000312385321401
54497,54499,54503,54497.999990825352143,1.000091746654473
54539,54541,54547,54539.999990832417097,1.000128346336061
54581,54583,54601,54581.999990839467500,1.000348100274151
54629,54631,54647,54629.999990847521985,1.000311184498542
54917,54919,54941,54917.999990895514202,1.000418806386036
55049,55051,55057,55049.999990917349351,1.000127157294892
55217,55219,55229,55217.999990944983438,1.000199210566424
55331,55333,55337,55331.999990963638993,1.000090363786546
55337,55339,55343,55337.999990964613971,1.000090353988872
55439,55441,55457,55439.999990981239534,1.000306637969364
55619,55621,55631,55619.999991010430676,1.000197770747777
55631,55633,55639,55631.999991012366081,1.000125827023813
55661,55663,55667,55661.999991017211869,1.000089828051159
55817,55819,55823,55817.999991042313923,1.000089576999507
55901,55903,55921,55901.999991055774444,1.000339880665222
55931,55933,55949,55931.999991060576576,1.000303940659053
56039,56041,56053,56039.999991077798768,1.000231977318420
56099,56101,56113,56099.999991087344824,1.000231729214166
56207,56209,56237,56207.999991104472429,1.000515940949689
56237,56239,56249,56237.999991109216353,1.000195597441099
56267,56269,56299,56267.999991113953001,1.000550934969982
56477,56479,56489,56477.999991146993125,1.000194766260398
56501,56503,56509,56501.999991150754795,1.000123889576481
56531,56533,56543,56531.999991155455064,1.000194580217333
56597,56599,56611,56597.999991165765096,1.000229690251180
56711,56713,56731,56711.999991183525708,1.000335026252282
56807,56809,56813,56807.999991198419593,1.000088015927376
56891,56893,56897,56891.999991211421730,1.000087885973236
56909,56911,56921,56909.999991214201145,1.000193287801573
56921,56923,56929,56921.999991216049239,1.000122975453867
57191,57193,57203,57191.999991257514921,1.000192334745142
57221,57223,57241,57221.999991262098774,1.000332040277180
57269,57271,57283,57269.999991269425664,1.000226995088747
57329,57331,57347,57329.999991278564266,1.000296529020130
57347,57349,57367,57347.999991281300026,1.000331310747046
57527,57529,57557,57527.999991308577592,1.000504102501318
57557,57559,57571,57557.999991313110513,1.000225859284354
57791,57793,57803,57791.999991348282492,1.000190337912745
57899,57901,57917,57899.999991364420566,1.000293609821038
58109,58111,58129,58109.999991395627148,1.000326966246897
58151,58153,58169,58151.999991401840816,1.000292337470778
58169,58171,58189,58169.999991404503817,1.000326628994298
58229,58231,58237,58229.999991413358657,1.000120213096130
58367,58369,58379,58367.999991433665855,1.000188459576616
58391,58393,58403,58391.999991437180142,1.000188382116804
58439,58441,58451,58439.999991444215993,1.000188227388046
58451,58453,58477,58451.999991445969499,1.000427701508207
58601,58603,58613,58601.999991467870132,1.000187707049823
58787,58789,58831,58787.999991494863934,1.000731441935622
58907,58909,58913,58907.999991512187989,1.000084878259125
59009,59011,59021,59009.999991526856320,1.000186409226821
59021,59023,59029,59021.999991528580722,1.000118599987673
59051,59053,59063,59051.999991532888089,1.000186276645477
59207,59209,59219,59207.999991555196175,1.000185785847290
59219,59221,59233,59219.999991556906025,1.000219520574889
59357,59359,59369,59357.999991576536559,1.000185316358789
59417,59419,59441,59417.999991585042153,1.000387088229463
59441,59443,59447,59441.999991588440025,1.000084115750013
59471,59473,59497,59471.999991592681909,1.000420366027893
59627,59629,59651,59627.999991614677128,1.000385724967944
59669,59671,59693,59669.999991620577930,1.000385453467113
60089,60091,60101,60089.999991679149389,1.000183058883714
60101,60103,60107,60101.999991680808307,1.000083192045521
60167,60169,60209,60167.999991689932358,1.000681425480583
60257,60259,60271,60257.999991702345142,1.000215739126746
60647,60649,60659,60647.999991755707015,1.000181374624815
60659,60661,60679,60659.999991757336829,1.000313221369028
60761,60763,60773,60761.999991771175701,1.000181034334458
60887,60889,60899,60887.999991788201442,1.000180659706564
60899,60901,60913,60899.999991789816704,1.000213464831066
60917,60919,60923,60917.999991792246874,1.000082077681612
61151,61153,61169,61151.999991823649907,1.000277995947453
61331,61333,61339,61331.999991847646015,1.000114133048870
61379,61381,61403,61379.999991854027030,1.000374715023608
61469,61471,61483,61469.999991865952325,1.000211485409725
61559,61561,61583,61559.999991877841239,1.000373619365257
61979,61981,61987,61979.999991932883859,1.000112939788126
62129,62131,62137,62129.999991952354321,1.000112667118116
62141,62143,62171,62141.999991953911376,1.000466673233076
62189,62191,62201,62189.999991960125044,1.000176877440767
62297,62299,62303,62297.999991974058503,1.000080259527217
62927,62929,62939,62927.999992054414179,1.000174803075689
62969,62971,62981,62969.999992059711076,1.000174686484702
62981,62983,62987,62981.999992061224475,1.000079387887641
62987,62989,63029,62987.999992061981175,1.000650917761212
63029,63031,63059,63029.999992067270796,1.000460098491772
63197,63199,63211,63197.999992088356521,1.000205702837325
63311,63313,63317,63311.999992102602846,1.000078974094927
63389,63391,63397,63389.999992112323525,1.000110427636671
63419,63421,63439,63419.999992116048816,1.000299590159040
63587,63589,63599,63587.999992136879882,1.000172988737883
63599,63601,63607,63599.999992138364178,1.000110063016706
63647,63649,63659,63647.999992144294083,1.000172825663918
63689,63691,63697,63689.999992149474565,1.000109907487069
63839,63841,63853,63839.999992167919117,1.000203634207921
64151,64153,64157,64151.999992206008756,1.000077940014257
64187,64189,64217,64187.999992210381606,1.000451797965245
64301,64303,64319,64301.999992224191374,1.000264377589777
64451,64453,64483,64451.999992242286680,1.000480978212646
64577,64579,64591,64577.999992257427948,1.000201307066557
64661,64663,64667,64661.999992267483321,1.000077325287388
64781,64783,64793,64781.999992281809682,1.000169800372318
64877,64879,64891,64877.999992293225660,1.000200376209321
64919,64921,64927,64919.999992298209690,1.000107825134051
65027,65029,65033,65027.999992311008100,1.000076890073347
65099,65101,65111,65099.999992319506418,1.000168970932132
65171,65173,65179,65171.999992327990185,1.000107408207096
65267,65269,65287,65267.999992339275195,1.000291107551372
65447,65449,65479,65447.999992360346369,1.000473658593743
65519,65521,65537,65519.999992368742824,1.000259462875965
65537,65539,65543,65537.999992370838299,1.000076291733494
65579,65581,65587,65579.999992375727743,1.000106739975985
65699,65701,65707,65699.999992389653926,1.000106545016913
65717,65719,65729,65717.999992391734850,1.000167381959426
65729,65731,65761,65729.999992393117282,1.000471626466005
65837,65839,65843,65837.999992405602825,1.000075944099076
65927,65929,65951,65927.999992415963789,1.000348865544028
65981,65983,65993,65981.999992422177456,1.000166712248478
66107,66109,66137,66107.999992436612956,1.000438676220226
66359,66361,66373,66359.999992465338437,1.000195901258833
66569,66571,66587,66569.999992489116266,1.000255370399772
66749,66751,66763,66749.999992509357980,1.000194756666548
66851,66853,66863,66851.999992520795786,1.000164542683546
66947,66949,66959,66947.999992531520547,1.000164306737613
67139,67141,67153,67139.999992552868207,1.000193625371590
67187,67189,67211,67187.999992558194208,1.000342323144674
67211,67213,67217,67211.999992560857208,1.000074391588402
67217,67219,67231,67217.999992561512045,1.000193400687910
67271,67273,67289,67271.999992567492882,1.000252705545166
67409,67411,67421,67409.999992582699633,1.000163180647063
67427,67429,67433,67427.999992584678694,1.000074153280772
67577,67579,67589,67577.999992601136910,1.000162774977065
67757,67759,67763,67757.999992620796547,1.000073792133471
67931,67933,67939,67931.999992639699485,1.000103044329051
68111,68113,68141,68111.999992659155396,1.000425769428940
68207,68209,68213,68207.999992669487256,1.000073305291624
68279,68281,68311,68279.999992677214323,1.000454012995403
68447,68449,68473,68447.999992695185938,1.000365240873473
68489,68491,68501,68489.999992699667928,1.000160607494547
68711,68713,68729,68711.999992723256582,1.000247409583167
68819,68821,68863,68819.999992734665284,1.000624818472390
68879,68881,68891,68879.999992740995367,1.000159698130955
68897,68899,68903,68897.999992742901668,1.000072571152394
69029,69031,69061,69029.999992756769643,1.000449080215073
69149,69151,69163,69149.999992769342498,1.000187997212321
69191,69193,69197,69191.999992773737176,1.000072262793774
69257,69259,69263,69257.999992780620232,1.000072193930230
69401,69403,69427,69401.999992795594153,1.000360220270410
69491,69493,69497,69491.999992804921931,1.000071950831687
69497,69499,69539,69497.999992805547663,1.000589945137971
69737,69739,69761,69737.999992830300471,1.000329805947576
69761,69763,69767,69761.999992832774296,1.000071672359848
69827,69829,69833,69827.999992839555489,1.000071604616500
69857,69859,69877,69857.999992842625943,1.000271980405384
69929,69931,69941,69929.999992849989212,1.000157300259561
70001,70003,70009,70001.999992857352481,1.000099997244984
70121,70123,70139,70121.999992869576090,1.000242434715669
70139,70141,70157,70139.999992871395079,1.000242372499720
70181,70183,70199,70181.999992875673342,1.000242227453279
70199,70201,70207,70199.999992877492332,1.000099715201185
70379,70381,70393,70379.999992895711330,1.000184711666746
70457,70459,70481,70457.999992903569364,1.000326435707780
70487,70489,70501,70487.999992906596162,1.000184428655866
70571,70573,70583,70571.999992915036273,1.000155869283655
70619,70621,70627,70619.999992919852957,1.000099122162006
70841,70843,70849,70841.999992942044628,1.000098811539181
70877,70879,70891,70877.999992945624399,1.000183413852756
70919,70921,70937,70919.999992949800799,1.000239706811222
70949,70951,70957,70949.999992952783941,1.000098661128230
70979,70981,70991,70979.999992955767084,1.000154973331154
70997,70999,71011,70997.999992957542418,1.000183103848612
71261,71263,71287,71261.999992983634002,1.000350818206321
71327,71329,71333,71327.999992990124156,1.000070098797252
71339,71341,71347,71339.999992991302861,1.000098121769125
71387,71389,71399,71387.999992996017681,1.000154087619839
71411,71413,71419,71411.999992998375092,1.000098022839331
71471,71473,71479,71471.999993004254065,1.000097940550096
71549,71551,71563,71549.999993011879269,1.000181691222773
71711,71713,71719,71711.999993027668097,1.000097612770150
71807,71809,71821,71807.999993036981323,1.000181038421405
71879,71881,71887,71879.999993043966242,1.000097384626554
72089,72091,72101,72089.999993064222508,1.000152587140198
72101,72103,72109,72101.999993065386661,1.000097084781771
72167,72169,72173,72167.999993071716744,1.000069282880623
72221,72223,72227,72221.999993076897226,1.000069231078115
72227,72229,72251,72227.999993077479303,1.000318436159449
72251,72253,72269,72251.999993079778505,1.000235287700297
72269,72271,72277,72269.999993081495631,1.000096859096709
72467,72469,72481,72467.999993100398569,1.000179389618878
72647,72649,72661,72647.999993117497070,1.000178945144859
72671,72673,72679,72671.999993119767169,1.000096323300321
72869,72871,72883,72869.999993138466380,1.000178399984394
73037,73039,73043,73037.999993154255208,1.000068457609001
73061,73063,73079,73061.999993156496203,1.000232679188157
73361,73363,73369,73361.999993184479536,1.000095417338897
73607,73609,73613,73607.999993207253283,1.000067927491485
73679,73681,73693,73679.999993213903508,1.000176438745756
73847,73849,73859,73847.999993229343090,1.000148954701165
74099,74101,74131,74099.999993252364220,1.000418353667348
74159,74161,74167,74159.999993257821188,1.000094390597934
74201,74203,74209,74201.999993261633790,1.000094337170683
74381,74383,74411,74381.999993277946487,1.000389879362274
74411,74413,74419,74411.999993280653143,1.000094070939096
74507,74509,74521,74507.999993289311533,1.000174477998495
74609,74611,74623,74609.999993298479239,1.000174239467936
74717,74719,74729,74717.999993308170815,1.000147220304248
74729,74731,74747,74729.999993309247657,1.000227485704433
74759,74761,74771,74759.999993311925209,1.000147137596162
75011,75013,75017,75011.999993334393366,1.000066656090573
75167,75169,75181,75167.999993348232238,1.000172946022948
75209,75211,75217,75209.999993351942976,1.000093072818092
75389,75391,75401,75389.999993367819116,1.000145908033335
75401,75403,75407,75401.999993368881405,1.000066311326378
75539,75541,75553,75539.999993380988599,1.000172094342337
75617,75619,75629,75617.999993387813447,1.000145468097717
75707,75709,75721,75707.999993395671481,1.000171712455823
75989,75991,75997,75989.999993420191458,1.000092117470462
76001,76003,76031,76001.999993421224644,1.000381568992675
76079,76081,76091,76079.999993427976733,1.000144584734135
76157,76159,76163,76157.999993434699718,1.000065653070797
76259,76261,76283,76259.999993443489075,1.000301599876193
76367,76369,76379,76367.999993452758645,1.000144039473970
76421,76423,76441,76421.999993457386154,1.000248619593105
76541,76543,76561,76541.999993467645254,1.000248229815447
76649,76651,76667,76649.999993476842064,1.000221787430197
76829,76831,76837,76829.999993492121575,1.000091110328107
76871,76873,76883,76871.999993495686795,1.000143095099714
76961,76963,76991,76961.999993503282894,1.000376809418923
77237,77239,77243,77237.999993526507751,1.000064735058830
77261,77263,77267,77261.999993528515915,1.000064714950065
77267,77269,77279,77267.999993529010681,1.000142361734119
77417,77419,77431,77417.999993541554431,1.000167919688697
77477,77479,77489,77477.999993546560290,1.000141975869981
77489,77491,77509,77489.999993547549821,1.000245193011408
77549,77551,77557,77549.999993552541127,1.000090264428730
77687,77689,77699,77687.999993563993485,1.000141592091918
77711,77713,77719,77711.999993565987097,1.000090076261512
78137,78139,78157,78137.999993601071765,1.000243159620165
78191,78193,78203,78191.999993605480995,1.000140679435178
78437,78439,78467,78437.999993625533534,1.000369718840062
78509,78511,78517,78509.999993631383404,1.000089160697608
78539,78541,78553,78539.999993633813574,1.000165520834826
78569,78571,78577,78569.999993636243744,1.000089092609957
78779,78781,78787,78779.999993653211277,1.000088855119921
78887,78889,78893,78887.999993661898770,1.000063381076190
78977,78979,78989,78977.999993669116520,1.000139279373139
79151,79153,79159,79151.999993683042703,1.000088437516645
79229,79231,79241,79229.999993689256371,1.000138836379044
79397,79399,79411,79397.999993702615029,1.000163732163259
79559,79561,79579,79559.999993715435266,1.000238813553118
