A,B,C,sqrt_AxB,C_div_sqrt_AxB,C_minus_sqrt_AxB,epsilon,C_minus_B
3,5,7,3.872983346207417,1.8073922282301278,3.127016653792583,0.8073922282301278,2
5,7,11,5.916079783099616,1.8593393604027364,5.083920216900384,0.8593393604027364,4
11,13,17,11.958260743101398,1.4216114170120542,5.041739256898602,0.4216114170120543,4
17,19,23,17.97220075561143,1.2797542333717116,5.0277992443885715,0.2797542333717116,4
29,31,37,29.9833287011299,1.2340190900353796,7.016671298870101,0.23401909003537966,6
41,43,47,41.98809355043403,1.1193649443394211,5.01190644956597,0.11936494433942124,4
59,61,67,59.99166608788257,1.1168217915776972,7.008333912117429,0.1168217915776973,6
71,73,79,71.99305522062528,1.097328065296044,7.00694477937472,0.09732806529604403,6
101,103,107,101.99509792141973,1.0490700257225716,5.0049020785802725,0.049070025722571575,4
107,109,113,107.99537027113709,1.0463411507020912,5.004629728862909,0.04634115070209125,4
137,139,149,137.99637676402958,1.079738493821373,11.003623235970423,0.07973849382137292,10
149,151,157,149.9966666296288,1.0466899267012633,7.003333370371195,0.04668992670126329,6
179,181,191,179.99722220078843,1.0611274866616436,11.002777799211572,0.06112748666164348,10
191,193,197,191.99739581567246,1.026055583530572,5.002604184327538,0.026055583530571944,4
197,199,211,197.99747473137126,1.065670157087961,13.002525268628744,0.06567015708796103,12
227,229,233,227.99780700699733,1.0219396539759225,5.002192993002666,0.02193965397592244,4
239,241,251,239.99791665762433,1.0458424118658955,11.00208334237567,0.04584241186589547,10
269,271,277,269.99814814179746,1.0259329625273035,7.001851858202542,0.02593296252730339,6
281,283,293,281.99822694478064,1.0390136249238675,11.00177305521936,0.039013624923867576,10
311,313,317,311.9983974317817,1.016030859803733,5.0016025682182885,0.01603085980373308,4
347,349,353,347.9985632154248,1.0143720041208306,5.001436784575219,0.014372004120830617,4
419,421,431,419.9988095221223,1.026193384906007,11.001190477877685,0.02619338490600704,10
431,433,439,431.99884259104215,1.0162064263111594,7.001157408957852,0.016206426311159348,6
461,463,467,461.9989177476501,1.0108248787177496,5.001082252349875,0.010824878717749576,4
521,523,541,521.9990421447151,1.0364003691984118,19.000957855284923,0.03640036919841175,18
569,571,577,569.9991228063426,1.0122822595922414,7.000877193657402,0.01228225959224143,6
599,601,607,599.999166666088,1.0116680717621866,7.000833333912055,0.011668071762186571,6
617,619,631,617.9991909379818,1.0210369354080966,13.00080906201822,0.021036935408096504,12
641,643,647,641.9992211833282,1.007789384553231,5.000778816671755,0.007789384553231009,4
659,661,673,659.9992424238077,1.019698140150052,13.000757576192314,0.019698140150052005,12
809,811,821,809.9993827158141,1.013581019342635,11.000617284185864,0.013581019342634977,10
821,823,827,821.9993917272689,1.006083469553698,5.000608272731142,0.006083469553698032,4
827,829,839,827.9993961350455,1.0132857631494703,11.000603864954542,0.013285763149470171,10
857,859,863,857.9994172492194,1.0058281889827065,5.000582750780609,0.005828188982706629,4
881,883,887,881.9994331063938,1.0056695806209244,5.000566893606219,0.005669580620924289,4
1019,1021,1031,1019.9995098038038,1.010784799493004,11.00049019619621,0.010784799493003823,10
1031,1033,1039,1031.9995155037623,1.006783418394165,7.000484496237732,0.006783418394165138,6
1049,1051,1061,1049.999523809416,1.0104766487423482,11.000476190584095,0.01047664874234817,10
1061,1063,1069,1061.9995291901027,1.0065917833459266,7.0004708098972515,0.006591783345926639,6
1091,1093,1097,1091.9995421244462,1.0045791757987605,5.0004578755538205,0.004579175798760509,4
1151,1153,1163,1151.9995659721405,1.0095489914690867,11.000434027859455,0.009548991469086617,10
1229,1231,1237,1229.9995934958679,1.0056913892826873,7.0004065041321155,0.005691389282687298,6
1277,1279,1283,1277.9996087636334,1.0039126703968275,5.000391236366568,0.003912670396827478,4
1289,1291,1297,1289.9996124030426,1.0054266586824137,7.000387596957353,0.0054266586824137574,6
1301,1303,1307,1301.9996159753657,1.0038405418582925,5.000384024634286,0.0038405418582926026,4
1319,1321,1327,1319.9996212120668,1.005303318785429,7.000378787933187,0.005303318785429052,6
1427,1429,1433,1427.999649859901,1.0035016466149622,5.000350140099044,0.003501646614962141,4
1451,1453,1459,1451.999655647342,1.004821174939974,7.000344352657976,0.004821174939974092,6
1481,1483,1487,1481.9996626180452,1.0033740475845463,5.0003373819547505,0.003374047584546235,4
1487,1489,1493,1487.9996639784567,1.003360441633551,5.000336021543262,0.003360441633551106,4
1607,1609,1613,1607.9996890546963,1.003109646711588,5.000310945303681,0.003109646711588136,4
1619,1621,1627,1619.9996913579953,1.004321178997347,7.000308642004711,0.00432117899734695,6
1667,1669,1693,1667.9997002397813,1.0149881919982509,25.000299760218695,0.014988191998250843,24
1697,1699,1709,1697.999705535899,1.00647838420009,11.000294464100989,0.006478384200089852,10
1721,1723,1733,1721.999709639929,1.0063880907171414,11.000290360070949,0.00638809071714136,10
1787,1789,1801,1787.99972035792,1.0072708510488344,13.000279642079931,0.007270851048834364,12
1871,1873,1877,1871.9997329059638,1.0026710832304844,5.0002670940361895,0.00267108323048429,4
1877,1879,1889,1877.9997337592995,1.0058574375932847,11.000266240700512,0.005857437593284771,10
1931,1933,1949,1931.9997412008108,1.0087993069753844,17.00025879918917,0.00879930697538441,16
1949,1951,1973,1949.9997435897267,1.0117950048382738,23.000256410273323,0.011795004838273712,22
1997,1999,2003,1997.999749749734,1.002502628066341,5.000250250265935,0.002502628066340978,4
2027,2029,2039,2027.9997534516615,1.0054241853479597,11.00024654833851,0.005424185347959761,10
2081,2083,2087,2081.999759846288,1.0024016526082988,5.000240153712184,0.0024016526082987384,4
2087,2089,2099,2087.9997605363847,1.0052683145235561,11.000239463615344,0.005268314523556028,10
2111,2113,2129,2111.9997632575623,1.0080493554204837,17.000236742437664,0.008049355420483753,16
2129,2131,2137,2129.999765258203,1.0032864955461385,7.000234741797158,0.003286495546138511,6
2141,2143,2153,2141.999766573283,1.0051354970240332,11.000233426716932,0.005135497024033213,10
2237,2239,2243,2237.9997765862267,1.002234237673339,5.000223413773256,0.002234237673339019,4
2267,2269,2273,2267.9997795414356,1.0022046829561753,5.0002204585643995,0.002204682956175326,4
2309,2311,2333,2309.9997835497734,1.0099568045910732,23.000216450226617,0.009956804591073258,22
2339,2341,2347,2339.999786324777,1.0029915445788213,7.000213675223222,0.0029915445788214435,6
2381,2383,2389,2381.99979009235,1.0029387953503466,7.00020990765006,0.0029387953503466355,6
2549,2551,2557,2549.999803921561,1.0027451751438072,7.000196078438876,0.0027451751438072676,6
2591,2593,2609,2591.999807098758,1.0065587168851955,17.000192901241917,0.006558716885195428,16
2657,2659,2663,2657.9998118886315,1.0018811845241689,5.000188111368516,0.0018811845241688153,4
2687,2689,2693,2687.9998139880886,1.0018601883772056,5.00018601191141,0.0018601883772055823,4
2711,2713,2719,2711.999815634212,1.002581189100911,7.000184365787845,0.002581189100911065,6
2729,2731,2741,2729.9998168498105,1.0040293713876078,11.000183150189514,0.00402937138760793,10
2789,2791,2797,2789.9998207885246,1.0025090249681439,7.00017921147537,0.002509024968143884,6
2801,2803,2819,2801.999821556026,1.0060671590030772,17.000178443974164,0.006067159003077134,16
2969,2971,2999,2969.999831649827,1.0097643670013488,29.000168350173226,0.009764367001348856,28
2999,3001,3011,2999.9998333333288,1.0036667224259306,11.000166666671248,0.0036667224259305563,10
3119,3121,3137,3119.9998397435857,1.0054487695928251,17.000160256414347,0.0054487695928252,16
3167,3169,3181,3167.999842171713,1.004103585377509,13.000157828286774,0.004103585377509035,12
3251,3253,3257,3251.9998462484587,1.00153756272692,5.0001537515413474,0.0015375627269200451,4
3257,3259,3271,3257.9998465316107,1.003990225316379,13.000153468389271,0.003990225316378982,12
3299,3301,3307,3299.999848484845,1.0021212581322902,7.000151515154812,0.0021212581322901714,6
3329,3331,3343,3329.9998498498467,1.0039039491700696,13.000150150153331,0.003903949170069639,12
3359,3361,3371,3359.999851190473,1.0032738539573536,11.000148809527218,0.003273853957353535,10
3371,3373,3389,3371.9998517200443,1.0050415625823008,17.000148279955738,0.005041562582300835,16
3389,3391,3407,3389.9998525073715,1.0050147929888713,17.000147492628457,0.005014792988871226,16
3461,3463,3467,3461.9998555748093,1.00144429365505,5.000144425190683,0.0014442936550499912,4
3467,3469,3491,3467.99985582468,1.006632106439304,23.0001441753202,0.006632106439304,22
3527,3529,3533,3527.999858276641,1.001417273788044,5.000141723358865,0.0014172737880441234,4
3539,3541,3547,3539.9998587570594,1.0019774411079774,7.000141242940572,0.001977441107977449,6
3557,3559,3571,3557.9998594716103,1.0036537776958543,13.000140528389693,0.0036537776958541846,12
3581,3583,3593,3581.9998604131742,1.0030709491947207,11.000139586825753,0.0030709491947207715,10
3671,3673,3677,3671.99986383442,1.0013616929060445,5.000136165579988,0.0013616929060445786,4
3767,3769,3779,3767.999867303607,1.0029193559139546,11.000132696392939,0.0029193559139546015,10
3821,3823,3833,3821.9998691784385,1.0028781086337206,11.00013082156147,0.0028781086337206006,10
3851,3853,3863,3851.9998701972977,1.0028556931914276,11.000129802702304,0.0028556931914275694,10
3917,3919,3923,3917.999872383867,1.0012761939201111,5.000127616132886,0.0012761939201112352,4
3929,3931,3943,3929.9998727735347,1.0033079205209467,13.000127226465338,0.0033079205209466597,12
4001,4003,4007,4001.999875062467,1.0012494065701227,5.000124937533201,0.0012494065701226826,4
4019,4021,4027,4019.999875621889,1.0017413245260431,7.000124378111195,0.0017413245260432465,6
4049,4051,4057,4049.999876543208,1.001728425597575,7.000123456792153,0.001728425597574823,6
4091,4093,4099,4091.99987781036,1.0017106848481594,7.000122189640024,0.0017106848481593328,6
4127,4129,4133,4127.999878875968,1.0012112696876807,5.0001211240323755,0.0012112696876807763,4
4157,4159,4177,4157.999879749878,1.0045695336218394,19.000120250121654,0.004569533621839497,18
4217,4219,4229,4217.999881460406,1.0026078992054845,11.000118539594041,0.0026078992054844367,10
4229,4231,4241,4229.999881796689,1.0026005008299526,11.000118203311104,0.0026005008299524613,10
4241,4243,4253,4241.999882131068,1.0025931443127258,11.000117868931738,0.0025931443127258104,10
4259,4261,4271,4259.999882629107,1.00258218724741,11.00011737089335,0.0025821872474100878,10
4271,4273,4283,4271.9998829588,1.002574933834872,11.000117041199701,0.0025749338348719677,10
4337,4339,4349,4337.99988473951,1.0025357573888343,11.00011526049002,0.0025357573888341767,10
4421,4423,4441,4421.99988692899,1.004296724006523,19.000113071009764,0.004296724006522996,18
4481,4483,4493,4481.999888442658,1.0024542864415742,11.00011155734228,0.0024542864415742867,10
4517,4519,4523,4517.9998893315615,1.0011067088957317,5.000110668438538,0.0011067088957318024,4
4547,4549,4561,4547.999890061564,1.0028584235384097,13.000109938436253,0.0028584235384096013,12
4637,4639,4643,4637.99989219491,1.0010780741529348,5.0001078050900105,0.0010780741529348623,4
4649,4651,4657,4649.999892473117,1.0015053995029577,7.000107526882857,0.0015053995029578008,6
4721,4723,4729,4721.999894112663,1.0014824451597435,7.000105887336758,0.0014824451597435257,6
4787,4789,4793,4787.999895572263,1.0010442991931476,5.000104427736915,0.0010442991931476015,4
4799,4801,4813,4799.999895833333,1.0027083550934974,13.00010416666737,0.0027083550934974363,12
4931,4933,4937,4931.999898621248,1.0010138080862796,5.000101378752333,0.0010138080862795889,4
4967,4969,4973,4967.999899355877,1.0010064615027008,5.0001006441234495,0.0010064615027008627,4
5009,5011,5021,5009.9999001996,1.002195628746412,11.000099800399767,0.0021956287464120544,10
5021,5023,5039,5021.999900438072,1.003385125427909,17.000099561928437,0.003385125427908812,16
5099,5101,5107,5099.999901960783,1.001372568269369,7.000098039216937,0.0013725682693691088,6
5231,5233,5237,5231.99990443425,1.0009556757754356,5.000095565749689,0.0009556757754356958,4
5279,5281,5297,5279.99990530303,1.0032197149624749,17.000094696970336,0.003219714962474922,16
5417,5419,5431,5417.999907715023,1.0023994264500569,13.000092284976745,0.002399426450056803,12
5441,5443,5449,5441.999908122013,1.0012863087093293,7.000091877986961,0.001286308709329367,6
5477,5479,5483,5477.999908725812,1.0009127585537603,5.00009127418798,0.0009127585537603643,4
5501,5503,5507,5501.999909123954,1.0009087769826666,5.0000908760457605,0.0009087769826666339,4
5519,5521,5527,5519.999909420289,1.0012681323722061,7.000090579710559,0.001268132372206091,6
5639,5641,5647,5639.999911347517,1.0012411504898076,7.0000886524831,0.0012411504898074775,6
5651,5653,5657,5651.999911535739,1.0008846582700852,5.000088464261353,0.0008846582700852783,4
5657,5659,5669,5657.99991162955,1.0019441655253192,11.000088370449703,0.0019441655253192797,10
5741,5743,5749,5741.999912922326,1.0012191026095143,7.000087077673925,0.0012191026095142014,6
5849,5851,5857,5849.999914529914,1.0011965958243347,7.000085470085651,0.0011965958243348373,6
5867,5869,5879,5867.999914792092,1.001874588508459,11.000085207908342,0.0018745885084591185,10
5879,5881,5897,5879.999914965986,1.002891170965963,17.000085034013864,0.00289117096596288,16
6089,6091,6101,6089.999917898193,1.0018062532430383,11.000082101806584,0.0018062532430382985,10
6131,6133,6143,6131.999918460534,1.0017938815534473,11.00008153946601,0.0017938815534471874,10
6197,6199,6203,6197.999919328815,1.00080672486871,5.00008067118506,0.0008067248687099889,4
6269,6271,6277,6269.999920255183,1.001116440164888,7.000079744817413,0.0011164401648879952,6
6299,6301,6311,6299.99992063492,1.0017460443656594,11.000079365079728,0.0017460443656594727,10
6359,6361,6367,6359.999921383647,1.0011006413054844,7.000078616352766,0.001100641305484461,6
6449,6451,6469,6449.99992248062,1.0029457484880206,19.000077519380284,0.0029457484880206016,18
6551,6553,6563,6551.999923687424,1.0016788883456498,11.000076312576311,0.0016788883456496653,10
6569,6571,6577,6569.999923896499,1.001065460606482,7.00007610350076,0.0010654606064818938,6
6659,6661,6673,6659.999924924925,1.0019519632464893,13.000075075075074,0.0019519632464893185,12
6689,6691,6701,6689.999925261584,1.0016442563320336,11.000074738415606,0.0016442563320335903,10
6701,6703,6709,6701.999925395404,1.0010444754823216,7.000074604596193,0.0010444754823215256,6
6761,6763,6779,6761.999926057379,1.0025140600604137,17.000073942621384,0.0025140600604137203,16
6779,6781,6791,6779.999926253687,1.0016224297737406,11.00007374631332,0.0016224297737406392,10
6791,6793,6803,6791.999926383981,1.0016195632707958,11.000073616019108,0.0016195632707957756,10
6827,6829,6833,6827.999926772114,1.0007322895842867,5.000073227885878,0.0007322895842867452,4
6869,6871,6883,6869.999927219796,1.001892295912362,13.000072780204391,0.001892295912361874,12
6947,6949,6959,6947.999928036845,1.001583199780813,11.000071963155278,0.0015831997808127994,10
6959,6961,6967,6959.999928160919,1.001005757458525,7.000071839081102,0.0010057574585249703,6
7127,7129,7151,7127.999929854096,1.0032267214326944,23.00007014590392,0.0032267214326943336,22
7211,7213,7219,7211.999930671103,1.0009706141702979,7.000069328896643,0.000970614170297872,6
7307,7309,7321,7307.999931581828,1.0017788818472741,13.000068418172305,0.0017788818472742405,12
7331,7333,7349,7331.999931805783,1.0023186127049009,17.00006819421742,0.0023186127049009,16
7349,7351,7369,7349.9999319727885,1.002585043292934,19.000068027211455,0.0025850432929339783,18
7457,7459,7477,7457.999932957897,1.002547608904921,19.000067042103183,0.0025476089049209227,18
7487,7489,7499,7487.999933226495,1.0014690260245187,11.000066773504841,0.001469026024518811,10
7547,7549,7559,7547.999933757286,1.001457348481618,11.000066242713729,0.0014573484816179712,10
7559,7561,7573,7559.999933862434,1.0017195854829757,13.000066137566137,0.0017195854829755734,12
7589,7591,7603,7589.999934123847,1.0017127886678505,13.000065876152803,0.0017127886678504256,12
7757,7759,7789,7757.9999355504,1.0039958835662715,31.00006444960036,0.003995883566271392,30
7877,7879,7883,7877.999936532115,1.0006346869139588,5.000063467885411,0.0006346869139588281,4
7949,7951,7963,7949.999937106918,1.001635228049802,13.000062893082031,0.0016352280498020833,12
8009,8011,8017,8009.999937578027,1.0008739154152964,7.000062421972871,0.0008739154152964288,6
8087,8089,8093,8087.99993818002,1.0006182074503212,5.0000618199801465,0.0006182074503211819,4
8219,8221,8231,8219.999939172749,1.0013382069231935,11.000060827251218,0.0013382069231935119,10
8231,8233,8237,8231.999939261419,1.0006073931942994,5.000060738580942,0.0006073931942994585,4
8291,8293,8297,8291.999939700916,1.0006029981108833,5.000060299083998,0.0006029981108832889,4
8387,8389,8419,8387.999940391035,1.0036957629743999,31.000059608964875,0.003695762974399795,30
8429,8431,8443,8429.999940688018,1.0015421185531967,13.000059311982113,0.0015421185531967047,12
8537,8539,8543,8537.999941438276,1.0005856241035394,5.000058561723563,0.0005856241035393206,4
8597,8599,8609,8597.999941846942,1.0012793740669292,11.00005815305849,0.0012793740669292863,10
8627,8629,8641,8627.999942049142,1.001506729026214,13.000057950857808,0.00150672902621396,12
8819,8821,8831,8819.999943310657,1.001247171968259,11.000056689343182,0.0012471719682590184,10
8837,8839,8849,8837.999943426114,1.0012446318900543,11.000056573886468,0.0012446318900543258,10
8861,8863,8867,8861.999943579327,1.000564213095521,5.0000564206729905,0.0005642130955209064,4
8969,8971,8999,8969.99994425864,1.0032330051194618,29.000055741360484,0.003233005119461827,28
8999,9001,9007,8999.999944444444,1.0007777839554184,7.000055555556173,0.0007777839554184881,6
9011,9013,9029,9011.99994451842,1.0018863798919484,17.000055481579693,0.0018863798919484054,16
9041,9043,9049,9041.999944702498,1.0007741711281035,7.0000552975016035,0.0007741711281034431,6
9239,9241,9257,9239.999945887446,1.0018398327069384,17.0000541125537,0.0018398327069385006,16
9281,9283,9293,9281.999946132299,1.0011850952307197,11.000053867701354,0.0011850952307196413,10
9341,9343,9349,9341.99994647827,1.0007493099509563,7.000053521729569,0.0007493099509563192,6
9419,9421,9431,9419.999946921444,1.001167733879038,11.000053078556448,0.0011677338790380123,10
9431,9433,9437,9431.999946988974,1.0005301158862518,5.000053011026466,0.0005301158862519565,4
9437,9439,9461,9437.999947022674,1.0024369626092848,23.00005297732605,0.0024369626092847862,22
9461,9463,9467,9461.99994715705,1.0005284350952097,5.000052842950026,0.000528435095209691,4
9629,9631,9643,9629.99994807892,1.0013499534777957,13.00005192108074,0.001349953477795616,12
9677,9679,9689,9677.999948336434,1.0011366038150742,11.00005166356641,0.0011366038150741286,10
9719,9721,9733,9719.99994855967,1.0013374538589639,13.000051440329116,0.0013374538589638048,12
9767,9769,9781,9767.999948812449,1.0013308815781814,13.000051187551435,0.0013308815781814091,12
9857,9859,9871,9857.999949279772,1.00131873105976,13.000050720227591,0.0013187310597599848,12
9929,9931,9941,9929.999949647532,1.001107759356319,11.000050352467952,0.001107759356318869,10
10007,10009,10037,10007.999950039968,1.0028976868609913,29.0000499600319,0.00289768686099125,28
10037,10039,10061,10037.99995018928,1.0022912980598577,23.000049810720157,0.002291298059857677,22
10067,10069,10079,10067.999950337704,1.0010925754585376,11.000049662296078,0.0010925754585375332,10
10091,10093,10099,10091.999950455807,1.0006936236205468,7.000049544192734,0.0006936236205467456,6
10139,10141,10151,10139.999950690335,1.0010848174914355,11.000049309664973,0.0010848174914355976,10
10271,10273,10289,10271.999951323987,1.0016549891702269,17.00004867601274,0.0016549891702269288,16
10301,10303,10313,10301.999951465734,1.0010677585503873,11.00004853426617,0.001067758550387211,10
10331,10333,10337,10331.999951606658,1.0004839380968604,5.000048393341785,0.000483938096860353,4
10427,10429,10433,10427.999952052167,1.0004794829277737,5.000047947833082,0.0004794829277736142,4
10457,10459,10463,10457.999952189712,1.0004781074615745,5.000047810288379,0.00047810746157456825,4
10499,10501,10513,10499.999952380953,1.0012380997788575,13.000047619047109,0.0012380997788575467,12
10529,10531,10559,10529.999952516619,1.0027540406091313,29.000047483381422,0.0027540406091312994,28
10709,10711,10723,10709.999953314658,1.001213823225211,13.000046685341658,0.0012138232252109627,12
10859,10861,10867,10859.999953959485,1.0006445714613437,7.000046040515372,0.0006445714613436256,6
10889,10891,10903,10889.999954086317,1.0011937599603757,13.000045913682698,0.001193759960375814,12
10937,10939,10949,10937.999954287803,1.0010056724957184,11.00004571219688,0.0010056724957184474,10
11057,11059,11069,11057.999954783867,1.0009947590216235,11.000045216133003,0.0009947590216234546,10
11069,11071,11083,11069.999954832881,1.0011743491617129,13.000045167118515,0.0011743491617127806,12
11117,11119,11131,11117.999955027883,1.0011692790991817,13.000044972117394,0.001169279099181719,12
11159,11161,11171,11159.999955197132,1.0009856671009882,11.000044802867706,0.0009856671009882095,10
11171,11173,11177,11171.999955245255,1.0004475514477957,5.000044754744522,0.0004475514477957906,4
11351,11353,11369,11351.999955954898,1.00149753736003,17.000044045102186,0.0014975373600300715,16
11489,11491,11497,11489.999956483898,1.0006092292030124,7.000043516101869,0.0006092292030124585,6
11549,11551,11579,11549.999956709957,1.002510826268289,29.000043290043322,0.0025108262682889265,28
11699,11701,11717,11699.999957264958,1.0014529951108664,17.00004273504237,0.00145299511086634,16
11717,11719,11731,11717.999957330603,1.0011094079806055,13.000042669396862,0.0011094079806054473,12
11777,11779,11783,11777.99995754797,1.0004245238979497,5.000042452029447,0.00042452389794968146,4
11831,11833,11839,11831.999957741717,1.0005916195303655,7.000042258283429,0.0005916195303654712,6
11939,11941,11953,11939.999958123954,1.0010887807304556,13.000041876046453,0.0010887807304556353,12
11969,11971,11981,11969.999958228906,1.0009189675697143,11.000041771094402,0.0009189675697143428,10
12041,12043,12049,12041.999958478658,1.0005813022376249,7.0000415213417,0.0005813022376248255,6
12071,12073,12097,12071.999958581842,1.00207091132405,25.000041418157707,0.0020709113240499535,24
12107,12109,12113,12107.999958704988,1.0004129535275905,5.0000412950121245,0.00041295352759043984,4
12161,12163,12197,12161.99995888834,1.002877819538725,35.00004111165981,0.00287781953872486,34
12239,12241,12251,12239.999959150327,1.0008986961508484,11.000040849672587,0.0008986961508483685,10
12251,12253,12263,12251.999959190336,1.000897815935872,11.000040809663915,0.0008978159358719786,10
12377,12379,12391,12377.999959605751,1.0010502537111547,13.000040394248572,0.0010502537111546923,12
12539,12541,12547,12539.999960127592,1.0005582168975011,7.000039872407797,0.000558216897501216,6
12611,12613,12619,12611.999960355217,1.0005550301036146,7.000039644783101,0.0005550301036145852,6
12821,12823,12829,12821.999961004523,1.0005459397143008,7.000038995476643,0.0005459397143008752,6
12917,12919,12923,12917.999961294317,1.0003870598173605,5.0000387056825275,0.00038705981736057764,4
13001,13003,13007,13001.999961544378,1.0003845591809268,5.000038455622416,0.0003845591809268481,4
13007,13009,13033,13007.999961562116,1.0019218971795631,25.00003843788363,0.0019218971795631375,24
13217,13219,13229,13217.999962172795,1.00083220138135,11.000037827205233,0.0008322013813500595,10
13337,13339,13367,13337.99996251312,1.0021742418329873,29.00003748687959,0.0021742418329873396,28
13397,13399,13411,13397.999962680997,1.000970296861861,13.00003731900324,0.0009702968618610056,12
13679,13681,13687,13679.999963450293,1.0005116985795621,7.000036549707147,0.0005116985795621038,6
13691,13693,13697,13691.999963482325,1.0003651794136,5.000036517674744,0.0003651794135999304,4
13709,13711,13721,13709.99996353027,1.0008023367249446,11.000036469729821,0.0008023367249446262,10
13721,13723,13729,13721.999963562163,1.0005101323754866,7.00003643783748,0.0005101323754864889,6
13757,13759,13763,13757.999963657508,1.0003634275589257,5.000036342491512,0.00036342755892567055,4
13829,13831,13841,13829.99996384671,1.0007953749950864,11.00003615328933,0.0007953749950863885,10
13877,13879,13883,13877.999963971753,1.000360285058454,5.000036028246541,0.0003602850584541706,4
13901,13903,13907,13901.999964033952,1.00035966306855,5.000035966048017,0.00035966306855011337,4
13931,13933,13963,13931.999964111397,1.00222509589208,31.000035888602724,0.002225095892079982,30
13997,13999,14009,13997.99996428061,1.0007858291004041,11.000035719389416,0.0007858291004042543,10
14009,14011,14029,14009.999964311206,1.0013561767121482,19.000035688794014,0.0013561767121480603,18
14081,14083,14087,14081.99996449368,1.0003550657235427,5.000035506320273,0.0003550657235426325,4
14249,14251,14281,14249.99996491228,1.002175441064144,31.00003508771988,0.00217544106414394,30
14321,14323,14327,14321.999965088675,1.0003491156907913,5.000034911325201,0.0003491156907913205,4
14387,14389,14401,14387.999965248819,1.000903533137516,13.000034751181374,0.0009035331375160007,12
14447,14449,14461,14447.999965393134,1.0008997809134832,13.000034606866393,0.0008997809134831805,12
14549,14551,14557,14549.99996563574,1.0004811020192985,7.0000343642605,0.00048110201929850275,6
14561,14563,14591,14561.999965664058,1.0019914870487792,29.000034335942473,0.0019914870487791553,28
14591,14593,14621,14591.999965734649,1.0019873927037726,29.000034265351132,0.001987392703772604,28
14627,14629,14633,14627.999965818977,1.0003418125644454,5.000034181022784,0.00034181256444533,4
14867,14869,14879,14867.99996637073,1.000739846223712,11.000033629270547,0.0007398462237120686,10
15137,15139,15149,15137.999966970538,1.000726650353644,11.00003302946243,0.0007266503536440282,10
15269,15271,15277,15269.999967256057,1.0004584173385038,7.000032743942938,0.0004584173385038199,6
15287,15289,15299,15287.99996729461,1.0007195207174857,11.000032705389458,0.0007195207174857184,10
15329,15331,15349,15329.999967384214,1.0012394019997528,19.00003261578604,0.0012394019997527795,18
15359,15361,15373,15359.999967447917,1.0008463562877365,13.000032552083212,0.0008463562877365803,12
15581,15583,15601,15581.999967911694,1.001219357728625,19.000032088306398,0.0012193577286249212,18
15641,15643,15647,15641.999968034777,1.0003196542625905,5.000031965222661,0.0003196542625904923,4
15647,15649,15661,15647.999968047036,1.0008307791397948,13.000031952964491,0.0008307791397948841,12
15731,15733,15737,15731.999968217646,1.0003178255652463,5.000031782354199,0.0003178255652463415,4
15737,15739,15749,15737.999968229762,1.0006989472482173,11.00003177023791,0.0006989472482172849,10
15887,15889,15901,15887.999968529708,1.0008182295755312,13.000031470292015,0.0008182295755313405,12
15971,15973,15991,15971.999968695216,1.0011895837304048,19.000031304783988,0.0011895837304046863,18
16061,16063,16067,16061.999968870627,1.0003112956754492,5.000031129373383,0.00031129567544912356,4
16067,16069,16073,16067.99996888225,1.000311179432875,5.000031117750041,0.0003111794328748596,4
16139,16141,16183,16139.999969021066,1.002664190276423,43.000030978933864,0.002664190276423026,42
16187,16189,16193,16187.999969112923,1.0003088726770828,5.0000308870767185,0.00030887267708283253,4
16229,16231,16249,16229.999969192853,1.001170673496193,19.000030807146686,0.0011706734961929633,18
16361,16363,16369,16361.99996944139,1.0004278224282903,7.000030558610888,0.000427822428290218,6
16451,16453,16477,16451.999969608558,1.0015195739385865,25.000030391442124,0.0015195739385864433,24
16631,16633,16649,16631.99996993747,1.0010221278314848,17.000030062528822,0.0010221278314848827,16
16649,16651,16657,16649.99996996997,1.0004204222247841,7.000030030030757,0.00042042222478414713,6
16691,16693,16699,16691.99997004553,1.0004193643641883,7.000029954469937,0.0004193643641883402,6
16829,16831,16843,16829.99997029115,1.0007724319507902,13.000029708851798,0.0007724319507902475,12
16901,16903,16921,16901.999970417703,1.0011241290744026,19.00002958229743,0.0011241290744025412,18
16979,16981,16987,16979.999970553592,1.0004122514404328,7.000029446408007,0.000412251440432705,6
17027,17029,17033,17027.9999706366,1.0002936357394892,5.000029363400245,0.0002936357394892171,4
17189,17191,17203,17189.999970913323,1.000756255329184,13.000029086677387,0.0007562553291840803,12
17207,17209,17231,17207.999970943747,1.0013365893244472,23.00002905625297,0.0013365893244473063,22
17291,17293,17299,17291.999971084893,1.0004048131463574,7.000028915106668,0.00040481314635738396,6
17387,17389,17393,17387.999971244535,1.0002875562896096,5.000028755464882,0.00028755628960971344,4
17417,17419,17431,17417.999971294063,1.0007463559953704,13.000028705937439,0.0007463559953704379,12
17489,17491,17497,17489.999971412235,1.0004002303372903,7.000028587764973,0.00040023033729026094,6
17579,17581,17597,17579.99997155859,1.000967009582987,17.000028441409086,0.0009670095829870421,16
17597,17599,17609,17597.99997158768,1.000625072646328,11.000028412319807,0.0006250726463279674,10
17657,17659,17669,17657.99997168422,1.000622948710693,11.000028315778763,0.0006229487106930593,10
17681,17683,17707,17681.999971722656,1.0014138688110692,25.000028277343517,0.0014138688110691081,24
17747,17749,17761,17747.999971827812,1.0007324784873126,13.00002817218774,0.000732478487312557,12
17789,17791,17807,17789.99997189432,1.00095559461116,17.00002810567821,0.0009555946111599688,16
17837,17839,17851,17837.99997196995,1.000728782826016,13.00002803004827,0.0007287828260161502,12
17909,17911,17921,17909.999972082634,1.000614183580933,11.000027917365514,0.0006141835809331045,10
17921,17923,17929,17921.999972101326,1.0003905829656048,7.000027898673579,0.0003905829656048614,6
17957,17959,17971,17957.999972157257,1.0007239129002616,13.000027842743293,0.0007239129002616669,12
17987,17989,18013,17987.999972203692,1.0013898169799278,25.00002779630813,0.0013898169799277248,24
18041,18043,18047,18041.999972286885,1.0002771326749138,5.000027713114832,0.00027713267491381454,4
18047,18049,18059,18047.9999722961,1.0006094873515505,11.000027703899832,0.0006094873515505878,10
18059,18061,18077,18059.99997231451,1.0009413082896763,17.00002768549166,0.0009413082896762039,16
18119,18121,18127,18119.99997240618,1.0003863149892096,7.000027593818231,0.0003863149892096102,6
18131,18133,18143,18131.999972424444,1.0006066637763227,11.000027575555578,0.0006066637763227811,10
18251,18253,18257,18251.999972605743,1.0002739440829367,5.000027394256904,0.0002739440829367411,4
18287,18289,18301,18287.99997265967,1.0007108501399697,13.000027340331144,0.0007108501399697081,12
18311,18313,18329,18311.9999726955,1.000928354485029,17.00002730450069,0.0009283544850288853,16
18521,18523,18539,18521.999973005077,1.0009178289072291,17.000026994923246,0.0009178289072292391,16
18539,18541,18553,18539.999973031285,1.0007011880791599,13.000026968715247,0.0007011880791599455,12
18911,18913,18917,18911.99997356176,1.0002643838010379,5.000026438239729,0.00026438380103794266,4
18917,18919,18947,18917.999973570146,1.0015329329987508,29.000026429854188,0.0015329329987508924,28
19079,19081,19087,19079.99997379455,1.0003668776842276,7.000026205449103,0.00036687768422763613,6
19139,19141,19157,19139.999973876696,1.0008881936335687,17.00002612330354,0.0008881936335687614,16
19181,19183,19207,19181.999973933896,1.001303306542596,25.0000260661036,0.001303306542595961,24
19211,19213,19219,19211.999973974598,1.000364356966213,7.000026025401894,0.0003643569662130143,6
19379,19381,19387,19379.999974200207,1.0003611984421625,7.000025799792638,0.00036119844216261524,6
19421,19423,19427,19421.999974256,1.0002574413423246,5.000025744000595,0.0002574413423245889,4
19427,19429,19433,19427.99997426395,1.000257361835633,5.000025736051612,0.0002573618356328541,4
19469,19471,19477,19469.999974319468,1.0003595287976252,7.000025680532417,0.00035952879762533684,6
19541,19543,19553,19541.999974414084,1.0005628914952573,11.000025585915864,0.0005628914952572899,10
19697,19699,19709,19697.999974616712,1.0005584336174973,11.00002538328772,0.0005584336174973399,10
19751,19753,19759,19751.999974686107,1.0003543957737375,7.000025313893275,0.0003543957737375664,6
19841,19843,19853,19841.99997480093,1.0005543808695212,11.000025199071388,0.0005543808695212816,10
19889,19891,19913,19889.99997486174,1.001156361245215,23.000025138258934,0.001156361245215075,22
19961,19963,19973,19961.99997495241,1.0005510482447346,11.000025047589588,0.0005510482447345967,10
19991,19993,19997,19991.999974989994,1.0002501012913296,5.000025010005629,0.00025010129132956504,4
20021,20023,20029,20021.99997502747,1.0003496166707253,7.0000249725308095,0.00034961667072528333,6
20147,20149,20161,20147.99997518364,1.0006452265650374,13.000024816359655,0.0006452265650373154,12
20231,20233,20249,20231.999975286675,1.0008402542869757,17.00002471332482,0.0008402542869755979,16
20357,20359,20369,20357.99997543963,1.0005403293336104,11.000024560369638,0.0005403293336103904,10
20441,20443,20477,20441.999975540555,1.0017121624352472,35.00002445944483,0.0017121624352472054,34
20477,20479,20483,20477.999975583552,1.0002441656618033,5.000024416447559,0.00024416566180336056,4
20507,20509,20521,20507.99997561927,1.0006339001558506,13.000024380729883,0.0006339001558506354,12
20549,20551,20563,20549.9999756691,1.0006326045910605,13.000024330900487,0.0006326045910604539,12
20639,20641,20663,20639.999975775194,1.0011143422602617,23.00002422480611,0.0011143422602616685,22
20717,20719,20731,20717.999975866398,1.0006274748599646,13.000024133601983,0.0006274748599645338,12
20747,20749,20753,20747.99997590129,1.0002409882448677,5.000024098710128,0.00024098824486782502,4
20771,20773,20789,20771.999975929135,1.000818410557027,17.000024070865038,0.0008184105570270021,16
20807,20809,20849,20807.99997597078,1.0019703971586202,41.000024029221095,0.0019703971586201557,40
20897,20899,20903,20897.999976074265,1.0002392584903559,5.0000239257351495,0.00023925849035599507,4
20981,20983,21001,20981.99997617005,1.0009055392170207,19.000023829950806,0.0009055392170207683,18
21011,21013,21017,21011.999976204075,1.000237960394136,5.00002379592479,0.0002379603941360783,4
21017,21019,21023,21017.999976210867,1.0002378924633548,5.000023789132683,0.0002378924633548358,4
21059,21061,21067,21059.99997625831,1.0003323847934273,7.000023741689802,0.00033238479342740637,6
21191,21193,21211,21191.99997640619,1.0008965658557456,19.0000235938096,0.0008965658557457062,18
21317,21319,21323,21317.99997654564,1.0002345446786687,5.0000234543585975,0.00023454467866871622,4
21377,21379,21383,21377.99997661147,1.0002338863969502,5.000023388529371,0.00023388639695011833,4
21491,21493,21499,21491.99997673553,1.000325703669833,7.000023264470656,0.00032570366983286707,6
21521,21523,21529,21521.99997676796,1.000325249662652,7.000023232041713,0.0003252496626520735,6
21557,21559,21563,21557.999976806754,1.0002319335373702,5.000023193246307,0.00023193353737014556,4
21587,21589,21599,21587.999976838986,1.000509543411748,11.000023161013814,0.0005095434117479784,10
21599,21601,21611,21599.99997685185,1.0005092603314787,11.000023148149921,0.0005092603314786276,10
21611,21613,21617,21611.999976864703,1.0002313540227952,5.000023135296942,0.00023135402279517796,4
21647,21649,21661,21647.99997690318,1.000600518436377,13.000023096821678,0.0006005184363771131,12
21737,21739,21751,21737.999976998803,1.00059803215636,13.000023001197405,0.0005980321563599624,12
21839,21841,21851,21839.99997710623,1.0005036640524405,11.00002289377153,0.0005036640524405814,10
22037,22039,22051,22037.999977311916,1.000589891219778,13.000022688083845,0.0005898912197779901,12
22091,22093,22109,22091.999977367374,1.0007695103499024,17.000022632626496,0.0007695103499023419,16
22109,22111,22123,22109.9999773858,1.000587970268091,13.000022614200134,0.0005879702680912081,12
22157,22159,22171,22157.999977434785,1.0005866965691153,13.00002256521475,0.0005866965691151586,12
22271,22273,22277,22271.999977550287,1.0002244981346422,5.00002244971256,0.00022449813464226287,4
22277,22279,22283,22277.999977556334,1.0002244376716358,5.000022443666239,0.00022443767163584898,4
22367,22369,22381,22367.99997764664,1.000581188410513,13.000022353360691,0.0005811884105128847,12
22481,22483,22501,22481.999977759984,1.0008451215309497,19.000022240015824,0.0008451215309497082,18
22541,22543,22549,22541.99997781918,1.000310532436683,7.0000221808186325,0.00031053243668292504,6
22571,22573,22613,22571.999977848664,1.0018164106942926,41.00002215133645,0.0018164106942925916,40
22619,22621,22637,22619.999977895666,1.000751548281209,17.000022104333766,0.0007515482812089408,16
22637,22639,22643,22637.999977913245,1.0002208685436713,5.000022086755052,0.00022086854367140744,4
22697,22699,22709,22697.999977971627,1.000484625166933,11.000022028372769,0.00048462516693313385,10
22739,22741,22751,22739.999978012314,1.0004837300790819,11.000021987685614,0.0004837300790818698,10
22859,22861,22871,22859.999978127733,1.0004811908085212,11.000021872267098,0.0004811908085210775,10
22961,22963,22973,22961.999978224892,1.0004790532961214,11.000021775107598,0.00047905329612137596,10
23027,23029,23039,23027.999978287302,1.0004776802902149,11.000021712698071,0.000477680290214947,10
23039,23041,23053,23039.999978298612,1.000564237053543,13.000021701387595,0.0005642370535430696,12
23057,23059,23063,23057.99997831555,1.0002168454197742,5.000021684449166,0.00021684541977410614,4
23201,23203,23209,23201.999978450134,1.0003016990585454,7.000021549865778,0.0003016990585452699,6
23291,23293,23297,23291.9999785334,1.000214666901563,5.000021466599719,0.00021466690156310696,4
23369,23371,23399,23369.99997860505,1.0012409080625373,29.000021394949727,0.0012409080625373937,28
23537,23539,23549,23537.999978757754,1.0004673303276477,11.000021242245566,0.00046733032764774884,10
23561,23563,23567,23561.99997877939,1.0002122069953787,5.000021220610506,0.00021220699537873136,4
23627,23629,23633,23627.999978838667,1.0002116142358985,5.0000211613332795,0.00021161423589856606,4
23669,23671,23677,23669.999978876214,1.0002957338880454,7.0000211237857,0.0002957338880453198,6
23687,23689,23719,23687.999978892265,1.0013086803924078,31.000021107734938,0.001308680392407895,30
23741,23743,23747,23741.999978940275,1.0002105981410228,5.000021059724531,0.00021059814102264638,4
23831,23833,23857,23831.999979019805,1.001049010616071,25.000020980194677,0.0010490106160709603,24
23909,23911,23917,23909.999979088247,1.0002927654085267,7.000020911753381,0.00029276540852679297,6
24107,24109,24113,24107.999979259996,1.000207400893658,5.000020740004402,0.0002074008936579516,4
24179,24181,24197,24179.999979321754,1.0007030612362606,17.000020678246074,0.0007030612362607174,16
24371,24373,24379,24371.999979484655,1.0002872156786984,7.000020515344659,0.0002872156786983829,6
24419,24421,24439,24419.99997952498,1.000778051617156,19.0000204750213,0.0007780516171560985,18
24917,24919,24923,24917.999979934186,1.000200658964196,5.000020065814169,0.0002006589641961857,4
24977,24979,24989,24977.999979982385,1.0004403883427988,11.000020017614588,0.00044038834279886747,10
25031,25033,25037,25031.99998002557,1.0001997451253763,5.00001997443178,0.00019974512537638124,4
25169,25171,25183,25169.999980135082,1.0005164886720372,13.000019864917704,0.000516488672037255,12
25301,25303,25307,25301.999980238717,1.0001976136181008,5.000019761282601,0.00019761361810084974,4
25307,25309,25321,25307.9999802434,1.0005136723473507,13.000019756600523,0.0005136723473505983,12
25409,25411,25423,25409.999980322707,1.0005116103773066,13.000019677292585,0.00051161037730656,12
25469,25471,25523,25469.999980369063,1.0020808802383898,53.00001963093746,0.002080880238389756,52
25577,25579,25583,25577.99998045195,1.0001954812554488,5.00001954804975,0.00019548125544886335,4
25601,25603,25609,25601.999980470275,1.000273416902393,7.00001952972525,0.0002734169023929774,6
25799,25801,25819,25799.999980620156,1.000736434860237,19.00001937984416,0.0007364348602370602,18
25847,25849,25867,25847.999980656143,1.0007350672917856,19.000019343857275,0.0007350672917856822,18
25931,25933,25939,25931.999980718803,1.0002699375014037,7.000019281196728,0.0002699375014037269,6
25997,25999,26003,25997.999980767752,1.0001923232262462,5.000019232247723,0.0001923232262461163,4
26111,26113,26119,26111.999980851717,1.0002680767139023,7.000019148283172,0.00026807671390228176,6
26249,26251,26261,26249.99998095238,1.0004190483449753,11.000019047620299,0.00041904834497532087,10
26261,26263,26267,26261.999980961085,1.0001903898805322,5.0000190389146155,0.00019038988053230645,4
26681,26683,26687,26681.999981260775,1.0001873929519052,5.000018739225197,0.00018739295190528432,4
26699,26701,26711,26699.99998127341,1.000411985720386,11.000018726590497,0.00041198572038597697,10
26711,26713,26717,26711.99998128182,1.000187182491827,5.00001871817949,0.00018718249182701427,4
26729,26731,26737,26729.999981294426,1.000261878739636,7.000018705573893,0.0002618787396360825,6
26861,26863,26879,26861.999981386343,1.0006328649626028,17.00001861365672,0.0006328649626028089,16
26879,26881,26891,26879.99998139881,1.000409226882768,11.000018601189367,0.000409226882767912,10
26891,26893,26903,26891.99998140711,1.0004090442734084,11.000018592891138,0.0004090442734083167,10
26951,26953,26959,26951.9999814485,1.0002597216739506,7.000018551498215,0.0002597216739505952,6
27059,27061,27067,27059.999981522542,1.0002586850880355,7.00001847745807,0.0002586850880353996,6
27107,27109,27127,27107.999981555262,1.0007009007841843,19.00001844473809,0.0007009007841842268,18
27239,27241,27253,27239.99998164464,1.0004772400280515,13.000018355360226,0.0004772400280514001,12
27281,27283,27299,27281.9999816729,1.0006231221442168,17.000018327100406,0.0006231221442167153,16
27407,27409,27427,27407.99998175715,1.0006932289205888,19.000018242848455,0.000693228920588694,18
27479,27481,27487,27479.999981804947,1.0002547313755346,7.000018195052689,0.0002547313755344811,6
27527,27529,27539,27527.999981836674,1.000399593801605,11.000018163325876,0.00039959380160505047,10
27539,27541,27551,27539.99998184459,1.0003994196863712,11.000018155409634,0.0003994196863711424,10
27581,27583,27611,27581.999981872235,1.0010514109979995,29.000018127764633,0.0010514109979995782,28
27689,27691,27697,27689.99998194294,1.000252799496628,7.000018057060515,0.0002527994966278559,6
27737,27739,27743,27737.999981974186,1.0001802587796187,5.000018025813915,0.00018025877961869012,4
27749,27751,27763,27749.999981981982,1.0004684691180705,13.000018018017727,0.0004684691180705806,12
27791,27793,27799,27791.999982009213,1.0002518716895263,7.000017990787455,0.00025187168952644015,6
27917,27919,27941,27917.99998209041,1.0008238418914086,23.000017909591406,0.0008238418914086281,22
27941,27943,27947,27941.99998210579,1.0001789427348584,5.000017894210032,0.00017894273485835198,4
28097,28099,28109,28097.99998220514,1.0003914875721343,11.000017794860469,0.00039148757213420654,10
28109,28111,28123,28109.999982212736,1.0004624695053537,13.000017787264369,0.0004624695053536263,12
28181,28183,28201,28181.999982258178,1.0006741898287483,19.000017741822376,0.0006741898287482695,18
28277,28279,28283,28277.99998231841,1.0001768165246734,5.000017681588361,0.00017681652467341246,4
28307,28309,28319,28307.999982337147,1.0003885833569914,11.00001766285277,0.000388583356991531,10
28349,28351,28387,28349.999982363315,1.0013051152613652,37.00001763668479,0.0013051152613651744,36
28409,28411,28429,28409.999982400564,1.0006687792189795,19.000017599435523,0.0006687792189794319,18
28547,28549,28559,28547.99998248564,1.0003853165728285,11.000017514361389,0.00038531657282856813,10
28571,28573,28579,28571.99998250035,1.0002449957127235,7.0000174996494025,0.0002449957127235315,6
28619,28621,28627,28619.999982529698,1.0002445848174204,7.000017470301827,0.0002445848174205031,6
28661,28663,28669,28661.9999825553,1.0002442264129845,7.0000174447013706,0.0002442264129845031,6
28751,28753,28759,28751.999982609905,1.0002434619294076,7.000017390095309,0.0002434619294076633,6
29021,29023,29027,29021.99998277169,1.0001722836893143,5.000017228310753,0.00017228368931427573,4
29129,29131,29137,29129.999982835565,1.0002403026834383,7.000017164435121,0.00024030268343837216,6
29207,29209,29221,29207.999982881403,1.00044508412511,13.000017118596588,0.0004450841251101001,12
29387,29389,29399,29387.999982986254,1.0003743030155205,11.000017013746401,0.0003743030155204402,10
29399,29401,29411,29399.9999829932,1.000374150238543,11.0000170068015,0.00037415023854301354,10
29567,29569,29573,29567.999983089827,1.0001691023036063,5.000016910173144,0.00016910230360635462,4
29669,29671,29683,29669.99998314796,1.0004381535847462,13.000016852038243,0.0004381535847462765,12
29759,29761,29789,29759.999983198926,1.0009744629306938,29.000016801073798,0.000974462930693744,28
29879,29881,29917,29879.9999832664,1.0012382870399705,37.000016733600205,0.0012382870399705891,36
30011,30013,30029,30011.999983339996,1.0005664406460564,17.000016660003894,0.0005664406460562707,16
30089,30091,30097,30089.999983383183,1.0002326359794178,7.000016616817447,0.00023263597941785034,6
30137,30139,30161,30137.99998340965,1.0007631566992836,23.00001659035115,0.0007631566992837012,22
30269,30271,30293,30269.999983481994,1.0007598287588555,23.000016518006305,0.0007598287588555389,22
30389,30391,30403,30389.99998354722,1.0004277728351372,13.000016452780983,0.00042777283513718443,12
30467,30469,30491,30467.99998358934,1.0007548909158148,23.000016410660464,0.0007548909158149115,22
30491,30493,30497,30491.999983602258,1.0001639779745648,5.000016397742002,0.00016397797456483242,4
30557,30559,30577,30557.999983637674,1.0006217689761274,19.000016362326278,0.0006217689761273599,18
30839,30841,30851,30839.99998378729,1.0003566801627268,11.000016212710761,0.0003566801627267676,10
30851,30853,30859,30851.999983793594,1.0002268901922107,7.000016206406144,0.00022689019221065794,6
30869,30871,30881,30869.999983803045,1.0003563335342638,11.000016196954675,0.00035633353426388706,10
31079,31081,31091,31079.999983912483,1.000353925871725,11.000016087516997,0.00035392587172492873,10
31121,31123,31139,31121.999983934194,1.0005462379048449,17.00001606580554,0.0005462379048448458,16
31151,31153,31159,31151.999983949667,1.0002247051891995,7.000016050333215,0.0002247051891994032,6
31181,31183,31189,31181.999983965106,1.0002244890012986,7.000016034893633,0.00022448900129861106,6
31247,31249,31253,31247.999983998976,1.0001600107528028,5.000016001024051,0.00016001075280287975,4
31319,31321,31327,31319.99998403576,1.0002234998712582,7.000015964240447,0.000223499871258252,6
31391,31393,31397,31391.999984072376,1.000159276756185,5.00001592762419,0.00015927675618505004,4
31511,31513,31517,31511.99998413303,1.0001586702167267,5.0000158669718076,0.00015867021672662552,4
31541,31543,31547,31541.99998414812,1.0001585193029736,5.0000158518814715,0.000158519302973632,4
31721,31723,31727,31721.999984238068,1.000157619814779,5.0000157619324455,0.00015761981477891804,4
31727,31729,31741,31727.99998424105,1.000409733225082,13.000015758949303,0.0004097332250821441,12
31769,31771,31793,31769.99998426188,1.000723953910907,23.000015738118236,0.0007239539109068904,22
31847,31849,31859,31847.999984300426,1.000345391098499,11.00001569957385,0.000345391098499006,10
32027,32029,32051,32027.99998438866,1.0007181221313397,23.000015611338313,0.000718122131339739,22
32057,32059,32063,32057.999984403268,1.0001559677958438,5.000015596731828,0.0001559677958439209,4
32117,32119,32141,32117.999984432405,1.000716109831831,23.000015567595256,0.0007161098318308538,22
32141,32143,32159,32141.999984444028,1.0005289034772011,17.000015555971913,0.000528903477201155,16
32189,32191,32203,32189.999984467227,1.000403852610719,13.000015532772522,0.0004038526107190268,12
32297,32299,32303,32297.999984519167,1.0001548088266528,5.000015480833099,0.00015480882665272366,4
32321,32323,32327,32321.99998453066,1.0001546938763608,5.000015469340724,0.00015469387636079873,4
32369,32371,32377,32369.9999845536,1.0002162500911258,7.00001544639963,0.00021625009112573106,6
32411,32413,32423,32411.999984573613,1.000339380952475,11.000015426387108,0.0003393809524750873,10
32441,32443,32467,32441.99998458788,1.0007706064799948,25.000015412118955,0.0007706064799949335,24
32531,32533,32537,32531.999984630518,1.000153695296073,5.000015369481844,0.0001536952960729147,4
32561,32563,32569,32561.999984644677,1.0002149749818385,7.00001535532283,0.0002149749818384571,6
32609,32611,32621,32609.99998466728,1.000337320310883,11.000015332720068,0.0003373203108829226,10
32717,32719,32749,32717.99998471789,1.0009474911454426,31.000015282108507,0.0009474911454425139,30
32801,32803,32831,32801.99998475703,1.0008840928984954,29.00001524297113,0.0008840928984954373,28
32831,32833,32839,32831.999984770955,1.0002132070916268,7.000015229044948,0.00021320709162682408,6
32909,32911,32917,32909.99998480705,1.0002127017683433,7.000015192948922,0.00021270176834337553,6
32939,32941,32957,32939.99998482089,1.0005160903214008,17.00001517911005,0.0005160903214008453,16
32969,32971,32983,32969.9999848347,1.0003942983066811,13.000015165300283,0.0003942983066812234,12
33071,33073,33083,33071.99998488147,1.0003326081012203,11.000015118530428,0.00033260810122033666,10
33149,33151,33161,33149.99998491704,1.0003318254928495,11.00001508295827,0.00033182549284956807,10
33179,33181,33191,33179.999984930684,1.0003315254693885,11.00001506931585,0.00033152546938853867,10
33287,33289,33301,33287.99998497957,1.0003905315737291,13.000015020428691,0.0003905315737291109,12
33329,33331,33343,33329.9999849985,1.0003900394541658,13.00001500149665,0.0003900394541658513,12
33347,33349,33353,33347.999985006594,1.000149934478699,5.0000149934057845,0.00014993447869898684,4
33587,33589,33599,33587.99998511373,1.0003274983592694,11.000014886267309,0.00032749835926945746,10
33599,33601,33613,33599.999985119044,1.0003869052049617,13.00001488095586,0.0003869052049617077,12
33617,33619,33623,33617.99998512702,1.0001487302895828,5.00001487298141,0.00014873028958276735,4
33749,33751,33757,33749.99998518518,1.000207407846456,7.000014814817405,0.00020740784645600338,6
33767,33769,33773,33767.999985193084,1.0001480696164744,5.000014806915715,0.00014806961647441865,4
33809,33811,33827,33809.99998521148,1.0005028102572007,17.000014788522094,0.0005028102572007665,16
33827,33829,33851,33827.99998521934,1.0006799105708497,23.000014780656784,0.0006799105708497785,22
34031,34033,34039,34031.99998530794,1.0002056891953186,7.000014692057448,0.00020568919531850744,6
34127,34129,34141,34127.99998534927,1.0003809193230284,13.000014650730009,0.0003809193230283273,12
34157,34159,34171,34157.99998536214,1.0003805847720426,13.00001463785884,0.00038058477204256063,12
34211,34213,34217,34211.99998538524,1.0001461479778118,5.000014614757674,0.00014614797781169157,4
34259,34261,34267,34259.999985405724,1.0002043203326696,7.000014594275854,0.00020432033266952015,6
34301,34303,34313,34301.999985423594,1.0003206814349332,11.000014576406102,0.0003206814349332542,10
34367,34369,34381,34367.999985451585,1.0003782592689106,13.000014548415493,0.0003782592689105728,12
34469,34471,34483,34469.999985494636,1.0003771399626002,13.000014505363652,0.00037713996260035405,12
34499,34501,34511,34499.999985507246,1.000318840999924,11.000014492754417,0.0003188409999239218,10
34511,34513,34519,34511.99998551229,1.0002028284217273,7.000014487712178,0.00020282842172724555,6
34589,34591,34603,34589.99998554496,1.0003758315831304,13.000014455043129,0.0003758315831302628,12
34649,34651,34667,34649.999985569986,1.0004906209072755,17.000014430013834,0.0004906209072754257,16
34757,34759,34763,34757.99998561482,1.000143852189057,5.000014385179384,0.00014385218905715874,4
34841,34843,34847,34841.999985649505,1.0001435053772043,5.000014350494894,0.00014350537720435872,4
34847,34849,34871,34847.99998565197,1.00066000959474,23.000014348028344,0.0006600095947399615,22
34961,34963,34981,34961.999985698756,1.0005434475804877,19.000014301243937,0.0005434475804878415,18
35051,35053,35059,35051.99998573548,1.0001997037049917,7.000014264522179,0.000199703704991751,6
35081,35083,35089,35081.99998574768,1.0001995329301399,7.000014252320398,0.00019953293013979262,6
35279,35281,35291,35279.999985827664,1.0003117917850555,11.000014172335796,0.00031179178505540286,10
35447,35449,35461,35447.99998589483,1.0003667347695313,13.00001410517143,0.00036673476953126517,12
35507,35509,35521,35507.999985918665,1.0003661150750955,13.000014081335394,0.0003661150750954935,12
35531,35533,35537,35531.999985928174,1.000140718621913,5.000014071825717,0.00014071862191280775,4
35591,35593,35597,35591.9999859519,1.0001404814017216,5.000014048098819,0.00014048140172151933,4
35729,35731,35747,35729.99998600616,1.0004757910439546,17.000013993842003,0.0004757910439546641,16
35801,35803,35809,35801.9999860343,1.0001955201935206,7.000013965698599,0.00019552019352073,6
35837,35839,35851,35837.99998604833,1.0003627438461056,13.000013951670553,0.0003627438461055705,12
35897,35899,35911,35897.99998607165,1.0003621375545544,13.000013928351109,0.00036213755455443444,12
36011,36013,36017,36011.99998611574,1.0001388429936184,5.000013884258806,0.0001388429936184199,4
36107,36109,36131,36107.99998615265,1.000636978338766,23.000013847347873,0.0006369783387661553,22
36341,36343,36353,36341.99998624181,1.0003026804733464,11.000013758188288,0.0003026804733463382,10
36467,36469,36473,36467.99998628935,1.000137106880348,5.000013710647181,0.00013710688034789418,4
36527,36529,36541,36527.99998631187,1.0003558917458661,13.000013688128092,0.00035589174586617346,12
36779,36781,36787,36779.99998640565,1.000190321196219,7.000013594348275,0.00019032119621902033,6
36791,36793,36809,36791.99998641009,1.0004620573384482,17.00001358990994,0.0004620573384482838,16
36899,36901,36913,36899.99998644987,1.0003523038903768,13.00001355013228,0.0003523038903768576,12
36929,36931,36943,36929.99998646087,1.000352017696829,13.000013539131032,0.0003520176968290562,12
37019,37021,37039,37019.999986493785,1.0005132364536236,19.0000135062146,0.0005132364536236219,18
37199,37201,37217,37199.99998655914,1.0004569896087905,17.00001344086195,0.0004569896087904377,16
37307,37309,37313,37307.99998659805,1.000134019872514,5.0000134019501274,0.00013401987251383766,4
37337,37339,37357,37337.99998660882,1.0005088653221381,19.00001339118171,0.0005088653221381975,18
37361,37363,37369,37361.99998661742,1.000187356495506,7.000013382581528,0.00018735649550583058,6
37547,37549,37561,37547.99998668371,1.0003462238553558,13.000013316290278,0.0003462238553558298,12
37571,37573,37579,37571.999986692215,1.000186309307736,7.000013307784684,0.0001863093077361878,6
37589,37591,37607,37589.99998669859,1.0004522482922966,17.000013301410945,0.00045224829229652795,16
37691,37693,37699,37691.99998673458,1.0001857161537695,7.000013265416783,0.00018571615376951039,6
37781,37783,37799,37781.99998676618,1.0004499500619282,17.0000132338173,0.000449950061928216,16
37811,37813,37831,37811.99998677668,1.0005024863331737,19.000013223318092,0.0005024863331736652,18
37991,37993,37997,37991.999986839335,1.0001316070004842,5.000013160664821,0.00013160700048422974,4
38237,38239,38261,38237.999986924005,1.0006014962363057,23.000013075994502,0.0006014962363057603,22
38327,38329,38333,38327.99998695471,1.0001304532729856,5.000013045289961,0.00013045327298559178,4
38447,38449,38453,38447.99998699542,1.0001300461143954,5.000013004580978,0.00013004611439534368,4
38459,38461,38501,38459.99998699948,1.001066042980093,41.000013000520994,0.0010660429800930865,40
38567,38569,38593,38567.99998703589,1.0006482061027928,25.000012964112102,0.0006482061027928728,24
38609,38611,38629,38609.99998704999,1.0004921008276713,19.000012950011296,0.0004921008276711734,18
38651,38653,38669,38651.99998706406,1.0004398223362732,17.000012935939594,0.0004398223362731323,16
38669,38671,38677,38669.99998707008,1.0001810192121092,7.000012929922377,0.00018101921210920459,6
38711,38713,38723,38711.999987084106,1.000284149951425,11.000012915894331,0.0002841499514249944,10
38747,38749,38767,38747.99998709611,1.0004903482221075,19.000012903889,0.0004903482221073707,18
38921,38923,38933,38921.999987153795,1.0002826168452248,11.000012846205209,0.0002826168452246997,10
39041,39043,39047,39041.99998719328,1.0001280675377378,5.000012806718587,0.0001280675377377878,4
39161,39163,39181,39161.99998723252,1.000485164515951,19.000012767479348,0.00048516451595101564,18
39227,39229,39233,39227.999987254,1.0001274603025294,5.000012746000721,0.00012746030252945166,4
39239,39241,39251,39239.9999872579,1.0002803265225706,11.000012742100807,0.00028032652257066145,10
39341,39343,39359,39341.99998729094,1.0004321085027337,17.000012709060684,0.0004321085027337801,16
39371,39373,39383,39371.999987300616,1.000279386688584,11.00001269938366,0.00027938668858406223,10
39509,39511,39521,39509.99998734498,1.0002784108493683,11.000012655022147,0.00027841084936839895,10
39827,39829,39839,39827.99998744602,1.0002761879220008,11.000012553980923,0.000276187922000808,10
39839,39841,39847,39839.9999874498,1.0001757031263154,7.000012550197425,0.00017570312631532466,6
40037,40039,40063,40037.99998751187,1.000624407125629,25.000012488133507,0.0006244071256289322,24
40127,40129,40151,40127.99998753987,1.000573166179906,23.000012460128346,0.0005731661799060524,22
40151,40153,40163,40151.99998754732,1.0002739592661907,11.000012452677765,0.0002739592661907076,10
40427,40429,40433,40427.999987632335,1.000123676965697,5.000012367665477,0.00012367696569691976,4
40529,40531,40543,40529.99998766346,1.0003207503661609,13.00001233653893,0.0003207503661607668,12
40637,40639,40693,40637.99998769625,1.001353413364841,55.000012303753465,0.0013534133648409254,54
40697,40699,40709,40697.999987714385,1.0002702838539717,11.000012285614503,0.0002702838539715737,10
40847,40849,40853,40847.9999877595,1.000122405313406,5.000012240503565,0.00012240531340584283,4
41141,41143,41149,41141.99998784697,1.0001701427289655,7.000012153032003,0.000170142728965528,6
41177,41179,41183,41177.99998785759,1.000121424356304,5.000012142409105,0.0001214243563039363,4
41201,41203,41213,41201.99998786466,1.0002669776258089,11.000012135336874,0.00026697762580886214,10
41231,41233,41243,41231.999987873496,1.0002667833752847,11.000012126503862,0.00026678337528470634,10
41387,41389,41399,41387.999987919204,1.000265777812023,11.000012080796296,0.0002657778120229802,10
41411,41413,41443,41411.9999879262,1.0007485755839571,31.000012073796825,0.0007485755839571857,30
41519,41521,41539,41519.99998795761,1.0004576110801517,19.000012042386516,0.00045761108015166777,18
41609,41611,41617,41609.999987983654,1.0001682290799896,7.000012016345863,0.00016822907998960255,6
41759,41761,41771,41759.99998802682,1.0002634102484753,11.000011973177607,0.0002634102484753703,10
41849,41851,41863,41849.99998805257,1.0003106334994298,13.000011947427993,0.000310633499429851,12
41957,41959,41969,41957.99998808332,1.0002621672129226,11.000011916679796,0.0002621672129225406,10
41981,41983,41999,41981.99998809013,1.0004049357323304,17.0000119098695,0.0004049357323303376,16
42017,42019,42023,42017.99998810034,1.0001189969037336,5.000011899661331,0.00011899690373357499,4
42071,42073,42083,42071.99998811561,1.0002614568332262,11.000011884389096,0.0002614568332262871,10
42179,42181,42187,42179.99998814604,1.0001659557101927,7.000011853961041,0.00016595571019270444,6
42221,42223,42227,42221.99998815783,1.0001184219564105,5.000011842166714,0.00011842195641061737,4
42281,42283,42293,42281.99998817463,1.0002601582666015,11.000011825366528,0.0002601582666014615,10
42407,42409,42433,42407.99998820977,1.0005895116911239,25.00001179023093,0.0005895116911238778,24
42461,42463,42467,42461.999988224765,1.0001177526206166,5.00001177523518,0.00011775262061659236,4
42569,42571,42577,42569.99998825464,1.0001644353241084,7.000011745360098,0.0001644353241083263,6
42641,42643,42649,42641.999988274474,1.00016415767852,7.000011725525837,0.00016415767852001953,6
42701,42703,42709,42701.99998829095,1.0001639270224105,7.000011709053069,0.00016392702241048427,6
42839,42841,42853,42839.999988328665,1.0003034549877423,13.000011671334505,0.0003034549877422089,12
42899,42901,42923,42899.999988344985,1.0005361308079548,23.000011655014532,0.0005361308079548519,22
43049,43051,43063,43049.9999883856,1.000301974718186,13.000011614400137,0.00030197471818600214,12
43319,43321,43331,43319.99998845799,1.000253924550899,11.000011542011634,0.00025392455089894814,10
43397,43399,43403,43397.99998847873,1.000115212948122,5.000011521267879,0.00011521294812192448,4
43541,43543,43573,43541.999988516836,1.000711956536019,31.00001148316369,0.0007119565360189978,30
43577,43579,43591,43577.999988526324,1.0002983159272363,13.00001147367584,0.00029831592723618844,12
43607,43609,43613,43607.99998853421,1.0001146581239015,5.0000114657887025,0.00011465812390165448,4
43649,43651,43661,43649.99998854525,1.0002520048443904,11.000011454751075,0.00025200484439032595,10
43781,43783,43787,43781.99998857978,1.0001142024444183,5.00001142021938,0.00011420244441833623,4
43787,43789,43793,43787.999988581345,1.000114186795925,5.000011418655049,0.00011418679592488601,4
43889,43891,43913,43889.99998860788,1.0005240376258393,23.00001139211963,0.0005240376258393605,22
43961,43963,43969,43961.99998862654,1.0001592286833008,7.0000113734568,0.00015922868330075476,6
44027,44029,44041,44027.99998864359,1.0002952669065086,13.000011356409232,0.00029526690650864005,12
44087,44089,44101,44087.999988659045,1.0002948650731334,13.000011340955098,0.0002948650731332596,12
44129,44131,44159,44129.99998866984,1.0006571495884342,29.000011330157577,0.0006571495884342439,28
44201,44203,44207,44201.999988688294,1.0001131173094653,5.000011311705748,0.00011311730946530243,4
44267,44269,44273,44267.99998870516,1.0001129486603442,5.000011294840078,0.00011294866034417221,4
44279,44281,44293,44279.99998870822,1.0002935865242795,13.0000112917769,0.0002935865242794041,12
44381,44383,44389,44381.99998873417,1.0001577218527242,7.000011265830835,0.0001577218527242509,6
44531,44533,44537,44531.99998877212,1.0001122790629018,5.00001122787944,0.00011227906290173574,4
44621,44623,44633,44621.99998879476,1.0002465154230649,11.00001120523666,0.0002465154230648318,10
44699,44701,44711,44699.99998881432,1.000246085261486,11.000011185678886,0.00024608526148616367,10
44771,44773,44777,44771.99998883231,1.000111677190408,5.000011167692719,0.00011167719040784186,4
45119,45121,45127,45119.99998891844,1.0001551420896118,7.000011081559933,0.00015514208961168327,6
45137,45139,45161,45137.99998892286,1.0005095487412554,23.000011077143427,0.0005095487412554338,22
45179,45181,45191,45179.99998893316,1.0002434708072052,11.00001106684067,0.00024347080720529268,10
45317,45319,45329,45317.999988966854,1.0002427294019114,11.00001103314571,0.0002427294019114652,10
45341,45343,45361,45341.9999889727,1.0004190377802462,19.000011027303117,0.00041903778024621706,18
45587,45589,45599,45587.9999890322,1.0002412918085999,11.000010967800335,0.00024129180859978013,10
45821,45823,45827,45821.99998908821,1.0001091181291297,5.000010911790014,0.00010911812912969071,4
46049,46051,46061,46049.999989142234,1.000238871028455,11.000010857766028,0.0002388710284551495,10
46091,46093,46099,46091.99998915213,1.0001518704080865,7.000010847870726,0.0001518704080863967,6
46181,46183,46187,46181.99998917327,1.0001082675247477,5.000010826726793,0.00010826752474771505,4
46271,46273,46279,46271.99998919433,1.000151279624985,7.000010805670172,0.00015127962498497687,6
46307,46309,46327,46307.999989202726,1.000410296510359,19.000010797273717,0.00041029651035898336,18
46349,46351,46381,46349.99998921251,1.000668824396865,31.000010787487554,0.0006688243968652101,30
46439,46441,46447,46439.999989233416,1.00015073235935,7.000010766583728,0.00015073235934984065,6
46589,46591,46601,46589.999989268086,1.0002361023982496,11.00001073191379,0.00023610239824957332,10
46679,46681,46687,46679.99998928877,1.0001499573845938,7.000010711228242,0.00014995738459371187,6
46769,46771,46807,46769.999989309385,1.0007911056382097,37.000010690615454,0.000791105638209811,36
46817,46819,46829,46817.99998932035,1.0002349525969105,11.000010679650586,0.00023495259691058563,10
46829,46831,46853,46829.999989323085,1.0004911383874047,23.000010676914826,0.0004911383874046267,22
47057,47059,47087,47057.99998937482,1.000616261010492,29.000010625182767,0.00061626101049196,28
47147,47149,47161,47147.999989395095,1.0002757277213843,13.000010604904674,0.0002757277213843374,12
47351,47353,47363,47351.99998944078,1.0002323029768896,11.000010559218936,0.0002323029768895057,10
47387,47389,47407,47387.99998944881,1.0004009456097624,19.000010551193554,0.0004009456097624717,18
47417,47419,47431,47417.99998945548,1.00027415771537,13.000010544521501,0.00027415771536995156,12
47657,47659,47681,47657.99998950858,1.0004826054491687,23.000010491421563,0.00048260544916876034,22
47699,47701,47711,47699.99998951782,1.00023060818626,11.000010482181096,0.00023060818625992397,10
47711,47713,47717,47711.99998952045,1.0001047956589673,5.0000104795472,0.00010479565896724956,4
47741,47743,47777,47741.99998952704,1.0007331073369494,35.00001047296246,0.0007331073369494421,34
47777,47779,47791,47777.99998953493,1.0002720919768076,13.000010465068044,0.0002720919768076417,12
47807,47809,47819,47807.9999895415,1.0002300872335363,11.000010458497854,0.00023008723353631655,10
48119,48121,48131,48119.99998960931,1.000228595394702,11.000010390693205,0.00022859539470217104,10
48311,48313,48337,48311.999989650605,1.0005174699940957,25.00001034939487,0.0005174699940956775,24
48407,48409,48413,48407.99998967113,1.0001032889260026,5.000010328869394,0.00010328892600264939,4
48479,48481,48487,48479.99998968647,1.0001443896517124,7.000010313531675,0.00014438965171247612,6
48539,48541,48563,48539.999989699216,1.0004738362238497,23.000010300784197,0.0004738362238497133,22
48647,48649,48661,48647.999989722084,1.0002672259965601,13.000010277915862,0.00026722599656023657,12
48677,48679,48731,48677.99998972842,1.0010887877538674,53.0000102715785,0.001088787753867498,52
48731,48733,48751,48731.9999897398,1.0003898877588484,19.000010260198906,0.00038988775884837954,18
48779,48781,48787,48779.9999897499,1.0001435016451736,7.000010250099876,0.0001435016451736528,6
48821,48823,48847,48821.99998975872,1.0005120644432126,25.000010241281416,0.0005120644432126011,24
48857,48859,48869,48857.999989766264,1.0002251424584723,11.000010233736248,0.00022514245847231356,10
48869,48871,48883,48869.999989768774,1.0002660120776334,13.000010231226042,0.00026601207763346984,12
48989,48991,49003,48989.99998979383,1.0002653604859946,13.000010206167644,0.0002653604859946103,12
49031,49033,49037,49031.99998980258,1.000101974428913,5.000010197421943,0.00010197442891299191,4
49121,49123,49139,49121.99998982126,1.0003460773214092,17.000010178737284,0.0003460773214091428,16
49169,49171,49177,49169.999989831194,1.0001423634364501,7.000010168805602,0.00014236343645013765,6
49199,49201,49207,49199.9999898374,1.0001422766293504,7.00001016259921,0.00014227662935051036,6
49277,49279,49297,49277.99998985349,1.0003855678020703,19.000010146512068,0.00038556780207038105,18
49331,49333,49339,49331.99998986459,1.0001418959323938,7.000010135408957,0.00014189593239372273,6
49367,49369,49391,49367.99998987198,1.000465889040122,23.000010128016584,0.0004658890401218424,22
49391,49393,49409,49391.9999898769,1.0003441854981896,17.000010123098036,0.0003441854981896311,16
49409,49411,49417,49409.99998988059,1.000141671931205,7.000010119409126,0.00014167193120507513,6
49529,49531,49537,49529.99998990511,1.0001413286916276,7.000010094889149,0.0001413286916276165,6
49547,49549,49559,49547.99998990878,1.0002220071464734,11.000010091222066,0.00022200714647336702,10
49667,49669,49681,49667.99998993316,1.0002617381426568,13.000010066840332,0.00026173814265674494,12
49739,49741,49747,49739.999989947726,1.0001407320075129,7.000010052273865,0.0001407320075128376,6
49787,49789,49801,49787.99998995742,1.0002611072958385,13.00001004258229,0.0002611072958384446,12
49919,49921,49927,49919.999989983975,1.000140224559644,7.000010016025044,0.00014022455964402117,6
49937,49939,49943,49937.999989987584,1.0001001243544678,5.000010012416169,0.00010012435446791333,4
49991,49993,49999,49991.9999899984,1.0001400226036765,7.00001000159682,0.00014002260367653363,6
50021,50023,50033,50021.9999900044,1.0002199034424413,11.000009995601431,0.0002199034424413158,10
50051,50053,50069,50051.99999001039,1.0003396469670145,17.000009989613318,0.0003396469670144302,16
50129,50131,50147,50129.999990025935,1.0003391184914712,17.000009974064596,0.00033911849147111485,16
50261,50263,50273,50261.99999005213,1.0002188534071474,11.000009947871149,0.00021885340714751254,10
50459,50461,50497,50459.999990091164,1.000733254259138,37.00000990883564,0.0007332542591379574,36
50549,50551,50581,50549.9999901088,1.0006132543995503,31.000009891198715,0.0006132543995502381,30
50591,50593,50599,50591.999990117016,1.0001383619917052,7.000009882984159,0.0001383619917052417,6
50891,50893,50909,50891.999990175274,1.0003340409067831,17.000009824725566,0.00033404090678313737,16
50969,50971,50989,50969.99999019031,1.0003727684876074,19.000009809693438,0.0003727684876074197,18
51059,51061,51071,51059.9999902076,1.000215433015952,11.000009792398487,0.00021543301595197987,10
51131,51133,51137,51131.99999022139,1.0000977863134548,5.000009778610547,9.778631345472035e-05,4
51197,51199,51203,51197.99999023399,1.0000976602556146,5.0000097660085885,9.766025561471814e-05,4
51239,51241,51257,51239.999990241995,1.000331772243584,17.000009758005035,0.00033177224358396705,16
51341,51343,51347,51341.999990261385,1.0000973863452838,5.000009738614608,9.7386345283842e-05,4
51347,51349,51361,51347.99999026252,1.0002531746073837,13.000009737479559,0.0002531746073838288,12
51419,51421,51427,51419.999990276156,1.0001361339892099,7.000009723844414,0.00013613398920980473,6
51437,51439,51449,51437.99999027956,1.000213849872128,11.000009720439266,0.0002138498721279595,10
51479,51481,51487,51479.99999028749,1.0001359753246664,7.000009712508472,0.0001359753246664556,6
51719,51721,51749,51719.99999033256,1.0005607117106121,29.00000966744119,0.0005607117106121778,28
51767,51769,51787,51767.99999034152,1.0003670222852346,19.00000965847721,0.0003670222852345481,18
51827,51829,51839,51827.999990352706,1.0002122406739473,11.000009647294064,0.0002122406739473183,10
51869,51871,51893,51869.99999036051,1.0004434164188116,23.00000963948696,0.00044341641881166896,22
51971,51973,51977,51971.99999037944,1.0000962058343241,5.000009620562196,9.620583432401582e-05,4
52067,52069,52081,52067.99999039717,1.0002496736883542,13.000009602830687,0.0002496736883542341,12
52181,52183,52189,52181.99999041815,1.0001341460577045,7.000009581846825,0.00013414605770442284,6
52289,52291,52301,52289.999990437944,1.0002103654535106,11.00000956205622,0.0002103654535105708,10
52361,52363,52369,52361.99999045109,1.000133684915591,7.000009548908565,0.0001336849155911751,6
52541,52543,52553,52541.999990483804,1.000209356505618,11.00000951619586,0.00020935650561813667,10
52709,52711,52721,52709.99999051413,1.0002086892333115,11.000009485869668,0.00020868923331150195,10
52859,52861,52879,52859.99999054105,1.0003594402092764,19.000009458948625,0.00035944020927636304,18
52901,52903,52919,52901.99999054856,1.0003213490880207,17.000009451439837,0.000321349088020813,16
53087,53089,53093,53087.99999058167,1.0000941834203438,5.000009418326954,9.418342034384426e-05,4
53147,53149,53161,53147.99999059231,1.0002446001620002,13.000009407689504,0.0002446001620002752,12
53171,53173,53189,53171.99999059655,1.000319717321268,17.00000940344762,0.000319717321267849,16
53231,53233,53239,53231.99999060715,1.0001315000261888,7.00000939284655,0.00013150002618879077,6
53267,53269,53279,53267.9999906135,1.0002065031423826,11.000009386501915,0.0002065031423826736,10
53279,53281,53299,53279.999990615615,1.0003566067828027,19.00000938438461,0.0003566067828027618,18
53549,53551,53569,53549.99999066293,1.0003548087645262,19.00000933706906,0.00035480876452627326,18
53591,53593,53597,53591.99999067025,1.0000932976811954,5.000009329749446,9.329768119532561e-05,4
53609,53611,53617,53609.99999067338,1.0001305728283498,7.000009326620784,0.00013057282834990836,6
53717,53719,53731,53717.99999069213,1.0002420047155538,13.000009307870641,0.00024200471555387747,12
53897,53899,53917,53897.99999072322,1.0003525178908317,19.000009276780474,0.00035251789083176935,18
54011,54013,54037,54011.9999907428,1.0004628602766328,25.000009257200873,0.000462860276632705,24
54401,54403,54409,54401.99999080916,1.0001286719089744,7.000009190836863,0.0001286719089742926,6
54419,54421,54437,54419.999990812204,1.0003123853214013,17.000009187795513,0.0003123853214014268,16
54497,54499,54503,54497.99999082535,1.0000917466544734,5.000009174647857,9.174665447336785e-05,4
54539,54541,54547,54539.99999083242,1.0001283463360608,7.000009167582903,0.0001283463360608641,6
54581,54583,54601,54581.99999083947,1.0003481002741512,19.0000091605325,0.0003481002741512089,18
54629,54631,54647,54629.99999084752,1.0003111844985415,17.000009152478015,0.0003111844985415728,16
54917,54919,54941,54917.999990895514,1.0004188063860355,23.000009104485798,0.0004188063860355223,22
55049,55051,55057,55049.99999091735,1.000127157294892,7.000009082650649,0.0001271572948920177,6
55217,55219,55229,55217.99999094498,1.0001992105664244,11.000009055016562,0.00019921056642436193,10
55331,55333,55337,55331.99999096364,1.0000903637865464,5.000009036361007,9.036378654625834e-05,4
55337,55339,55343,55337.999990964614,1.0000903539888721,5.000009035386029,9.035398887206642e-05,4
55439,55441,55457,55439.99999098124,1.0003066379693637,17.000009018760466,0.00030663796936374385,16
55619,55621,55631,55619.99999101043,1.000197770747777,11.000008989569324,0.00019777074777682844,10
55631,55633,55639,55631.999991012366,1.000125827023813,7.000008987633919,0.00012582702381299982,6
55661,55663,55667,55661.99999101721,1.0000898280511588,5.000008982788131,8.982805115869063e-05,4
55817,55819,55823,55817.999991042314,1.000089576999507,5.000008957686077,8.9576999507121e-05,4
55901,55903,55921,55901.999991055774,1.0003398806652224,19.000008944225556,0.00033988066522245224,18
55931,55933,55949,55931.99999106058,1.0003039406590528,17.000008939423424,0.0003039406590527869,16
56039,56041,56053,56039.9999910778,1.0002319773184203,13.000008922201232,0.00023197731842025305,12
56099,56101,56113,56099.999991087345,1.000231729214166,13.000008912655176,0.00023172921416614078,12
56207,56209,56237,56207.99999110447,1.0005159409496889,29.00000889552757,0.0005159409496889614,28
56237,56239,56249,56237.999991109216,1.000195597441099,11.000008890783647,0.00019559744109894843,10
56267,56269,56299,56267.99999111395,1.000550934969982,31.000008886047,0.0005509349699819192,30
56477,56479,56489,56477.99999114699,1.0001947662603976,11.000008853006875,0.00019476626039752014,10
56501,56503,56509,56501.999991150755,1.0001238895764812,7.000008849245205,0.00012388957648121367,6
56531,56533,56543,56531.999991155455,1.0001945802173329,11.000008844544936,0.00019458021733294257,10
56597,56599,56611,56597.999991165765,1.0002296902511796,13.000008834234904,0.0002296902511796184,12
56711,56713,56731,56711.999991183526,1.000335026252282,19.000008816474292,0.00033502625228219854,18
56807,56809,56813,56807.99999119842,1.0000880159273757,5.000008801580407,8.801592737563523e-05,4
56891,56893,56897,56891.99999121142,1.000087885973236,5.0000087885782705,8.788597323614328e-05,4
56909,56911,56921,56909.9999912142,1.0001932878015727,11.000008785798855,0.00019328780157260662,10
56921,56923,56929,56921.99999121605,1.0001229754538672,7.000008783950761,0.00012297545386723887,6
57191,57193,57203,57191.999991257515,1.000192334745142,11.000008742485079,0.00019233474514209265,10
57221,57223,57241,57221.9999912621,1.0003320402771803,19.000008737901226,0.00033204027718015033,18
57269,57271,57283,57269.999991269426,1.0002269950887472,13.000008730574336,0.00022699508874726967,12
57329,57331,57347,57329.999991278564,1.0002965290201296,17.000008721435734,0.00029652902012945915,16
57347,57349,57367,57347.9999912813,1.000331310747046,19.000008718699974,0.0003313107470459052,18
57527,57529,57557,57527.99999130858,1.0005041025013177,29.00000869142241,0.0005041025013176849,28
57557,57559,57571,57557.99999131311,1.000225859284354,13.000008686889487,0.00022585928435406896,12
57791,57793,57803,57791.99999134828,1.000190337912745,11.000008651717508,0.0001903379127450903,10
57899,57901,57917,57899.99999136442,1.0002936098210382,17.000008635579434,0.0002936098210382543,16
58109,58111,58129,58109.99999139563,1.000326966246897,19.00000860437285,0.0003269662468970262,18
58151,58153,58169,58151.99999140184,1.0002923374707777,17.000008598159184,0.0002923374707778365,16
58169,58171,58189,58169.999991404504,1.0003266289942978,19.000008595496183,0.000326628994297812,18
58229,58231,58237,58229.99999141336,1.0001202130961304,7.000008586641343,0.00012021309613040649,6
58367,58369,58379,58367.999991433666,1.0001884595766164,11.000008566334145,0.00018845957661644313,10
58391,58393,58403,58391.99999143718,1.0001883821168043,11.000008562819858,0.00018838211680423584,10
58439,58441,58451,58439.999991444216,1.0001882273880458,11.000008555784007,0.00018822738804576386,10
58451,58453,58477,58451.99999144597,1.0004277015082066,25.0000085540305,0.0004277015082065468,24
58601,58603,58613,58601.99999146787,1.000187707049823,11.000008532129868,0.00018770704982306764,10
58787,58789,58831,58787.999991494864,1.0007314419356221,43.000008505136066,0.0007314419356221862,42
58907,58909,58913,58907.99999151219,1.000084878259125,5.000008487812011,8.487825912494807e-05,4
59009,59011,59021,59009.999991526856,1.0001864092268213,11.00000847314368,0.00018640922682127016,10
59021,59023,59029,59021.99999152858,1.0001185999876727,7.000008471419278,0.00011859998767279977,6
59051,59053,59063,59051.99999153289,1.0001862766454768,11.000008467111911,0.00018627664547668388,10
59207,59209,59219,59207.999991555196,1.0001857858472905,11.000008444803825,0.0001857858472904464,10
59219,59221,59233,59219.999991556906,1.0002195205748894,13.000008443093975,0.0002195205748893517,12
59357,59359,59369,59357.99999157654,1.0001853163587895,11.000008423463441,0.00018531635878945462,10
59417,59419,59441,59417.99999158504,1.0003870882294628,23.000008414957847,0.0003870882294627079,22
59441,59443,59447,59441.99999158844,1.0000841157500129,5.000008411559975,8.411575001291208e-05,4
59471,59473,59497,59471.99999159268,1.000420366027893,25.00000840731809,0.0004203660278929957,24
59627,59629,59651,59627.99999161468,1.000385724967944,23.00000838532287,0.0003857249679438737,22
59669,59671,59693,59669.99999162058,1.0003854534671133,23.00000837942207,0.00038545346711332237,22
60089,60091,60101,60089.99999167915,1.000183058883714,11.000008320850611,0.00018305888371399263,10
60101,60103,60107,60101.99999168081,1.0000831920455207,5.000008319191693,8.319204552067791e-05,4
60167,60169,60209,60167.99999168993,1.0006814254805831,41.00000831006764,0.0006814254805832059,40
60257,60259,60271,60257.999991702345,1.0002157391267457,13.000008297654858,0.00021573912674574308,12
60647,60649,60659,60647.99999175571,1.0001813746248152,11.000008244292985,0.00018137462481513473,10
60659,60661,60679,60659.99999175734,1.000313221369028,19.00000824266317,0.00031322136902810666,18
60761,60763,60773,60761.999991771176,1.0001810343344577,11.0000082288243,0.0001810343344576215,10
60887,60889,60899,60887.9999917882,1.0001806597065641,11.000008211798558,0.0001806597065642179,10
60899,60901,60913,60899.99999178982,1.0002134648310663,13.000008210183296,0.00021346483106627064,12
60917,60919,60923,60917.99999179225,1.0000820776816117,5.000008207753126,8.207768161178632e-05,4
61151,61153,61169,61151.99999182365,1.0002779959474526,17.000008176350093,0.00027799594745262765,16
61331,61333,61339,61331.999991847646,1.0001141330488699,7.000008152353985,0.0001141330488698304,6
61379,61381,61403,61379.99999185403,1.0003747150236075,23.00000814597297,0.00037471502360745173,22
61469,61471,61483,61469.99999186595,1.0002114854097246,13.000008134047675,0.00021148540972454707,12
61559,61561,61583,61559.99999187784,1.0003736193652566,23.00000812215876,0.0003736193652565523,22
61979,61981,61987,61979.999991932884,1.0001129397881257,7.000008067116141,0.00011293978812564118,6
62129,62131,62137,62129.999991952354,1.0001126671181162,7.000008047645679,0.00011266711811608536,6
62141,62143,62171,62141.99999195391,1.0004666732330765,29.000008046088624,0.00046667323307655884,28
62189,62191,62201,62189.999991960125,1.0001768774407669,11.000008039874956,0.00017687744076695655,10
62297,62299,62303,62297.99999197406,1.0000802595272174,5.000008025941497,8.025952721733692e-05,4
62927,62929,62939,62927.999992054414,1.0001748030756892,11.000007945585821,0.00017480307568927558,10
62969,62971,62981,62969.99999205971,1.0001746864847019,11.000007940288924,0.0001746864847018578,10
62981,62983,62987,62981.999992061224,1.000079387887641,5.000007938775525,7.938788764100485e-05,4
62987,62989,63029,62987.99999206198,1.0006509177612115,41.000007938018825,0.0006509177612114343,40
63029,63031,63059,63029.99999206727,1.0004600984917718,29.000007932729204,0.00046009849177183944,28
63197,63199,63211,63197.99999208836,1.000205702837325,13.000007911643479,0.00020570283732508824,12
63311,63313,63317,63311.9999921026,1.000078974094927,5.000007897397154,7.897409492704139e-05,4
63389,63391,63397,63389.99999211232,1.0001104276366706,7.000007887676475,0.00011042763667057094,6
63419,63421,63439,63419.99999211605,1.00029959015904,19.000007883951184,0.00029959015903994226,18
63587,63589,63599,63587.99999213688,1.0001729887378825,11.000007863120118,0.00017298873788262485,10
63599,63601,63607,63599.999992138364,1.000110063016706,7.000007861635822,0.0001100630167059921,6
63647,63649,63659,63647.999992144294,1.0001728256639182,11.000007855705917,0.00017282566391816842,10
63689,63691,63697,63689.999992149475,1.0001099074870685,7.000007850525435,0.00010990748706842937,6
63839,63841,63853,63839.99999216792,1.000203634207921,13.000007832080883,0.00020363420792098624,12
64151,64153,64157,64151.99999220601,1.0000779400142568,5.000007793991244,7.794001425674505e-05,4
64187,64189,64217,64187.99999221038,1.000451797965245,29.000007789618394,0.0004517979652448702,28
64301,64303,64319,64301.99999222419,1.0002643775897773,17.000007775808626,0.0002643775897773689,16
64451,64453,64483,64451.99999224229,1.0004809782126458,31.00000775771332,0.00048097821264576137,30
64577,64579,64591,64577.99999225743,1.0002013070665572,13.000007742572052,0.0002013070665571973,12
64661,64663,64667,64661.99999226748,1.0000773252873885,5.0000077325166785,7.732528738849089e-05,4
64781,64783,64793,64781.99999228181,1.0001698003723178,11.000007718190318,0.00016980037231794124,10
64877,64879,64891,64877.999992293226,1.0002003762093208,13.00000770677434,0.00020037620932085752,12
64919,64921,64927,64919.99999229821,1.0001078251340514,7.0000077017903095,0.00010782513405145958,6
65027,65029,65033,65027.99999231101,1.0000768900733465,5.0000076889919,7.689007334660619e-05,4
65099,65101,65111,65099.99999231951,1.000168970932132,11.000007680493582,0.00016897093213197176,10
65171,65173,65179,65171.99999232799,1.0001074082070955,7.000007672009815,0.00010740820709559092,6
65267,65269,65287,65267.999992339275,1.000291107551372,19.000007660724805,0.0002911075513721104,18
65447,65449,65479,65447.99999236035,1.0004736585937426,31.00000763965363,0.0004736585937426998,30
65519,65521,65537,65519.99999236874,1.0002594628759651,17.000007631257176,0.00025946287596515877,16
65537,65539,65543,65537.99999237084,1.0000762917334942,5.000007629161701,7.629173349421317e-05,4
65579,65581,65587,65579.99999237573,1.0001067399759849,7.000007624272257,0.00010673997598484403,6
65699,65701,65707,65699.99999238965,1.0001065450169127,7.000007610346074,0.00010654501691258628,6
65717,65719,65729,65717.99999239173,1.0001673819594257,11.00000760826515,0.00016738195942570737,10
65729,65731,65761,65729.99999239312,1.0004716264660045,31.00000760688272,0.00047162646600441697,30
65837,65839,65843,65837.9999924056,1.000075944099076,5.000007594397175,7.59440990761251e-05,4
65927,65929,65951,65927.99999241596,1.000348865544028,23.00000758403621,0.0003488655440280612,22
65981,65983,65993,65981.99999242218,1.000166712248478,11.000007577822544,0.00016671224847815858,10
66107,66109,66137,66107.99999243661,1.000438676220226,29.000007563387044,0.00043867622022606827,28
66359,66361,66373,66359.99999246534,1.0001959012588326,13.000007534661563,0.0001959012588326946,12
66569,66571,66587,66569.99999248912,1.0002553703997716,17.000007510883734,0.0002553703997716958,16
66749,66751,66763,66749.99999250936,1.0001947566665483,13.00000749064202,0.00019475666654832766,12
66851,66853,66863,66851.9999925208,1.0001645426835462,11.000007479204214,0.00016454268354626432,10
66947,66949,66959,66947.99999253152,1.000164306737613,11.000007468479453,0.00016430673761287228,10
67139,67141,67153,67139.99999255287,1.0001936253715904,13.000007447131793,0.00019362537159031497,12
67187,67189,67211,67187.9999925582,1.000342323144674,23.000007441805792,0.00034232314467394915,22
67211,67213,67217,67211.99999256086,1.0000743915884023,5.0000074391427916,7.43915884023121e-05,4
67217,67219,67231,67217.99999256151,1.0001934006879099,13.000007438487955,0.00019340068790988372,12
67271,67273,67289,67271.9999925675,1.0002527055451658,17.000007432507118,0.000252705545165676,16
67409,67411,67421,67409.9999925827,1.000163180647063,11.000007417300367,0.00016318064706290946,10
67427,67429,67433,67427.99999258468,1.0000741532807718,5.000007415321306,7.415328077165535e-05,4
67577,67579,67589,67577.99999260114,1.0001627749770645,11.00000739886309,0.00016277497706453935,10
67757,67759,67763,67757.9999926208,1.0000737921334713,5.000007379203453,7.37921334712946e-05,4
67931,67933,67939,67931.9999926397,1.0001030443290506,7.000007360300515,0.00010304432905050569,6
68111,68113,68141,68111.99999265916,1.0004257694289402,29.000007340844604,0.00042576942894012967,28
68207,68209,68213,68207.99999266949,1.0000733052916235,5.000007330512744,7.330529162341822e-05,4
68279,68281,68311,68279.99999267721,1.000454012995403,31.000007322785677,0.0004540129954029045,30
68447,68449,68473,68447.99999269519,1.0003652408734731,25.000007304814062,0.00036524087347303177,24
68489,68491,68501,68489.99999269967,1.0001606074945466,11.000007300332072,0.00016060749454671573,10
68711,68713,68729,68711.99999272326,1.0002474095831666,17.000007276743418,0.0002474095831666049,16
68819,68821,68863,68819.99999273467,1.0006248184723898,43.000007265334716,0.000624818472389919,42
68879,68881,68891,68879.999992741,1.0001596981309548,11.000007259004633,0.0001596981309547602,10
68897,68899,68903,68897.9999927429,1.0000725711523937,5.000007257098332,7.257115239375581e-05,4
69029,69031,69061,69029.99999275677,1.000449080215073,31.000007243230357,0.00044908021507291247,30
69149,69151,69163,69149.99999276934,1.0001879972123213,13.000007230657502,0.00018799721232128482,12
69191,69193,69197,69191.99999277374,1.0000722627937737,5.000007226262824,7.22627937736301e-05,4
69257,69259,69263,69257.99999278062,1.0000721939302304,5.000007219379768,7.219393023045659e-05,4
69401,69403,69427,69401.9999927956,1.00036022027041,25.000007204405847,0.00036022027041008936,24
69491,69493,69497,69491.99999280492,1.000071950831687,5.000007195078069,7.195083168703967e-05,4
69497,69499,69539,69497.99999280555,1.0005899451379707,41.00000719445234,0.0005899451379708289,40
69737,69739,69761,69737.9999928303,1.000329805947576,23.00000716969953,0.0003298059475761298,22
69761,69763,69767,69761.99999283277,1.0000716723598484,5.000007167225704,7.167235984833284e-05,4
69827,69829,69833,69827.99999283956,1.0000716046165,5.000007160444511,7.160461649993171e-05,4
69857,69859,69877,69857.99999284263,1.0002719804053841,19.000007157374057,0.00027198040538407517,18
69929,69931,69941,69929.99999284999,1.0001573002595614,11.000007150010788,0.00015730025956149703,10
70001,70003,70009,70001.99999285735,1.0000999972449838,7.000007142647519,9.99972449838828e-05,6
70121,70123,70139,70121.99999286958,1.000242434715669,17.00000713042391,0.0002424347156691562,16
70139,70141,70157,70139.9999928714,1.0002423724997196,17.00000712860492,0.00024237249971959936,16
70181,70183,70199,70181.99999287567,1.0002422274532794,17.000007124326658,0.0002422274532793646,16
70199,70201,70207,70199.99999287749,1.0000997152011855,7.000007122507668,9.971520118544003e-05,6
70379,70381,70393,70379.99999289571,1.0001847116667462,13.00000710428867,0.00018471166674624773,12
70457,70459,70481,70457.99999290357,1.0003264357077797,23.000007096430636,0.00032643570777977183,22
70487,70489,70501,70487.9999929066,1.0001844286558663,13.000007093403838,0.0001844286558664179,12
70571,70573,70583,70571.99999291504,1.0001558692836545,11.000007084963727,0.00015586928365453798,10
70619,70621,70627,70619.99999291985,1.0000991221620057,7.000007080147043,9.912216200578932e-05,6
70841,70843,70849,70841.99999294204,1.000098811539181,7.000007057955372,9.88115391808924e-05,6
70877,70879,70891,70877.99999294562,1.0001834138527563,13.000007054375601,0.00018341385275641908,12
70919,70921,70937,70919.9999929498,1.0002397068112223,17.0000070501992,0.0002397068112223517,16
70949,70951,70957,70949.99999295278,1.0000986611282299,7.000007047216059,9.866112822989915e-05,6
70979,70981,70991,70979.99999295577,1.000154973331154,11.000007044232916,0.0001549733311541925,10
70997,70999,71011,70997.99999295754,1.000183103848612,13.000007042457582,0.00018310384861189164,12
71261,71263,71287,71261.99999298363,1.0003508182063208,25.000007016366,0.0003508182063207245,24
71327,71329,71333,71327.99999299012,1.0000700987972517,5.000007009875844,7.009879725167155e-05,4
71339,71341,71347,71339.9999929913,1.0000981217691252,7.000007008697139,9.812176912510295e-05,6
71387,71389,71399,71387.99999299602,1.000154087619839,11.000007003982319,0.00015408761983893015,10
71411,71413,71419,71411.99999299838,1.000098022839331,7.000007001624908,9.802283933108199e-05,6
71471,71473,71479,71471.99999300425,1.0000979405500956,7.0000069957459345,9.794055009557731e-05,6
71549,71551,71563,71549.99999301188,1.0001816912227728,13.000006988120731,0.0001816912227727521,12
71711,71713,71719,71711.99999302767,1.0000976127701502,7.000006972331903,9.761277015021881e-05,6
71807,71809,71821,71807.99999303698,1.0001810384214054,13.000006963018677,0.00018103842140540402,12
71879,71881,71887,71879.99999304397,1.0000973846265542,7.000006956033758,9.738462655413423e-05,6
72089,72091,72101,72089.99999306422,1.0001525871401975,11.000006935777492,0.00015258714019747264,10
72101,72103,72109,72101.99999306539,1.0000970847817714,7.000006934613339,9.708478177147075e-05,6
72167,72169,72173,72167.99999307172,1.0000692828806226,5.0000069282832555,6.92828806224818e-05,4
72221,72223,72227,72221.9999930769,1.0000692310781145,5.000006923102774,6.92310781144536e-05,4
72227,72229,72251,72227.99999307748,1.0003184361594495,23.000006922520697,0.0003184361594495913,22
72251,72253,72269,72251.99999307978,1.000235287700297,17.000006920221495,0.00023528770029687397,16
72269,72271,72277,72269.9999930815,1.0000968590967092,7.0000069185043685,9.685909670920837e-05,6
72467,72469,72481,72467.9999931004,1.0001793896188778,13.00000689960143,0.00017938961887783777,12
72647,72649,72661,72647.9999931175,1.0001789451448593,13.00000688250293,0.00017894514485924625,12
72671,72673,72679,72671.99999311977,1.0000963233003206,7.0000068802328315,9.632330032055755e-05,6
72869,72871,72883,72869.99999313847,1.0001783999843936,13.00000686153362,0.0001783999843935463,12
73037,73039,73043,73037.99999315426,1.0000684576090009,5.000006845744792,6.845760900097806e-05,4
73061,73063,73079,73061.9999931565,1.0002326791881566,17.000006843503797,0.00023267918815658123,16
73361,73363,73369,73361.99999318448,1.0000954173388972,7.000006815520464,9.541733889712362e-05,6
73607,73609,73613,73607.99999320725,1.0000679274914848,5.000006792746717,6.79274914847317e-05,4
73679,73681,73693,73679.9999932139,1.000176438745756,13.000006786096492,0.00017643874575588793,12
73847,73849,73859,73847.99999322934,1.0001489547011655,11.00000677065691,0.00014895470116544024,10
74099,74101,74131,74099.99999325236,1.0004183536673477,31.00000674763578,0.00041835366734762047,30
74159,74161,74167,74159.99999325782,1.0000943905979345,7.000006742178812,9.439059793440142e-05,6
74201,74203,74209,74201.99999326163,1.0000943371706827,7.00000673836621,9.433717068275637e-05,6
74381,74383,74411,74381.99999327795,1.000389879362274,29.000006722053513,0.0003898793622741295,28
74411,74413,74419,74411.99999328065,1.0000940709390955,7.000006719346857,9.407093909556189e-05,6
74507,74509,74521,74507.99999328931,1.000174477998495,13.000006710688467,0.0001744779984949178,12
74609,74611,74623,74609.99999329848,1.0001742394679358,13.00000670152076,0.00017423946793577845,12
74717,74719,74729,74717.99999330817,1.000147220304248,11.000006691829185,0.00014722030424816455,10
74729,74731,74747,74729.99999330925,1.0002274857044329,17.000006690752343,0.00022748570443295054,16
74759,74761,74771,74759.99999331193,1.000147137596162,11.00000668807479,0.00014713759616183597,10
75011,75013,75017,75011.9999933344,1.0000666560905729,5.000006665606634,6.665609057285417e-05,4
75167,75169,75181,75167.99999334823,1.0001729460229476,13.000006651767762,0.00017294602294750638,12
75209,75211,75217,75209.99999335194,1.0000930728180917,7.000006648057024,9.307281809168697e-05,6
75389,75391,75401,75389.99999336782,1.0001459080333353,11.000006632180884,0.00014590803333530407,10
75401,75403,75407,75401.99999336888,1.0000663113263781,5.000006631118595,6.631132637805778e-05,4
75539,75541,75553,75539.99999338099,1.0001720943423371,13.000006619011401,0.00017209434233717892,12
75617,75619,75629,75617.99999338781,1.0001454680977169,11.000006612186553,0.0001454680977167925,10
75707,75709,75721,75707.99999339567,1.0001717124558231,13.000006604328519,0.00017171245582319654,12
75989,75991,75997,75989.99999342019,1.000092117470462,7.000006579808542,9.211747046209577e-05,6
76001,76003,76031,76001.99999342122,1.000381568992675,29.000006578775356,0.00038156899267500344,28
76079,76081,76091,76079.99999342798,1.0001445847341348,11.000006572023267,0.00014458473413477235,10
76157,76159,76163,76157.9999934347,1.0000656530707968,5.000006565300282,6.565307079665057e-05,4
76259,76261,76283,76259.99999344349,1.000301599876193,23.000006556510925,0.0003015998761931336,22
76367,76369,76379,76367.99999345276,1.0001440394739705,11.000006547241355,0.00014403947397056903,10
76421,76423,76441,76421.99999345739,1.0002486195931046,19.000006542613846,0.00024861959310460953,18
76541,76543,76561,76541.99999346765,1.0002482298154474,19.000006532354746,0.000248229815447418,18
76649,76651,76667,76649.99999347684,1.000221787430197,17.000006523157936,0.00022178743019706055,16
76829,76831,76837,76829.99999349212,1.0000911103281072,7.000006507878425,9.111032810713731e-05,6
76871,76873,76883,76871.99999349569,1.0001430950997143,11.000006504313205,0.00014309509971438157,10
76961,76963,76991,76961.99999350328,1.0003768094189232,29.000006496717106,0.0003768094189231716,28
77237,77239,77243,77237.99999352651,1.00006473505883,5.000006473492249,6.473505882999704e-05,4
77261,77263,77267,77261.99999352852,1.0000647149500648,5.000006471484085,6.471495006475223e-05,4
77267,77269,77279,77267.99999352901,1.000142361734119,11.00000647098932,0.0001423617341190472,10
77417,77419,77431,77417.99999354155,1.0001679196886968,13.000006458445569,0.00016791968869681558,12
77477,77479,77489,77477.99999354656,1.0001419758699805,11.00000645343971,0.0001419758699805873,10
77489,77491,77509,77489.99999354755,1.0002451930114082,19.00000645245018,0.0002451930114083401,18
77549,77551,77557,77549.99999355254,1.0000902644287304,7.000006447458873,9.026442873037844e-05,6
77687,77689,77699,77687.999993564,1.0001415920919179,11.000006436006515,0.00014159209191789984,10
77711,77713,77719,77711.99999356599,1.0000900762615117,7.000006434012903,9.007626151163855e-05,6
78137,78139,78157,78137.99999360107,1.0002431596201653,19.000006398928235,0.0002431596201654022,18
78191,78193,78203,78191.99999360548,1.0001406794351777,11.000006394519005,0.0001406794351777494,10
78437,78439,78467,78437.99999362553,1.0003697188400624,29.000006374466466,0.0003697188400625109,28
78509,78511,78517,78509.99999363138,1.0000891606976077,7.000006368616596,8.916069760774966e-05,6
78539,78541,78553,78539.99999363381,1.0001655208348261,13.000006366186426,0.00016552083482607795,12
78569,78571,78577,78569.99999363624,1.000089092609957,7.000006363756256,8.909260995702202e-05,6
78779,78781,78787,78779.99999365321,1.0000888551199207,7.000006346788723,8.885511992069901e-05,6
78887,78889,78893,78887.9999936619,1.0000633810761903,5.00000633810123,6.338107619033244e-05,4
78977,78979,78989,78977.99999366912,1.000139279373139,11.00000633088348,0.00013927937313891516,10
79151,79153,79159,79151.99999368304,1.0000884375166454,7.000006316957297,8.843751664539055e-05,6
79229,79231,79241,79229.99999368926,1.0001388363790435,11.000006310743629,0.00013883637904354146,10
79397,79399,79411,79397.99999370262,1.0001637321632588,13.00000629738497,0.00016373216325872258,12
79559,79561,79579,79559.99999371544,1.000238813553118,19.000006284564734,0.0002388135531179685,18
