n,e(E),a(A),b(B),c(C),k_ABC,resid_E8_abs_base,resid_E8_rel_base,min_resid_E8_abs_over_units,min_resid_E8_rel_over_units,best_unit_abs_idx,best_unit_rel_idx,pol_E8_axial_mean_deg,pol_E8_axial_spread_1minusR,octo0_count_tol5deg,octo90_count_tol5deg,H_balance_alpha_min,H_balance_alpha_max,H_balance_alpha_range,H_balance_alpha_absmax,improve_abs,improve_rel,stability_score
9859465,25609,5,7,11,1,5.966037391875052,6.020911371144668,5.96603739187404,6.020911371143655,9,9,0.00013775305888474098,8.979483823168266e-13,24,0,-0.3127978895583862,0.014931851283952961,0.3277297408423392,0.3127978895583862,1.0125233984581428e-12,1.0125233984581428e-12,2499997.75513106
9831745,25537,5,7,11,1,5.946270000774667,6.0009691335772715,5.946270000773613,6.000969133576218,9,9,0.031991776183779144,9.358069874565444e-13,24,0,-0.3251740114799686,0.010807085996189401,0.335981097476158,0.3251740114799686,1.0533796057643485e-12,1.0533796057643485e-12,2499997.660484721
9697765,25189,5,7,11,1,5.927450004744302,5.981296598510741,5.927450004743205,5.981296598509644,9,9,0.026282854297145115,9.744427487134999e-13,24,0,-0.3223460959994437,0.011054272477902246,0.33340036847734594,0.3223460959994437,1.0969003483296547e-12,1.0969003483296547e-12,2499997.563895502
9891805,25693,5,7,11,1,5.925502193731474,5.980579501853813,5.925502193730377,5.980579501852716,9,9,0.18619550957895417,9.79216707719388e-13,24,0,-0.33472823385928646,0.007397188132042378,0.34212542199132884,0.33472823385928646,1.0969003483296547e-12,1.0969003483296547e-12,2499997.5519606275
9545305,24793,5,7,11,1,5.908712158375876,5.961573270375573,5.908712158374734,5.961573270374431,9,9,0.012632778422743544,1.0144107776000055e-12,24,0,-0.3173661798171039,0.011928646299138188,0.3292948261162421,0.3173661798171039,1.142197447734361e-12,1.142197447734361e-12,2499997.463975629
9369745,24337,5,7,11,1,5.890114528269958,5.941819918084126,5.890114528268768,5.941819918082936,9,9,6.071882975681944e-05,1.0561551633259114e-12,24,0,-0.30347507558708553,0.015376727300470539,0.31885180288755605,0.30347507558708553,1.1901590823981678e-12,1.1901590823981678e-12,2499997.3596148803
9508345,24697,5,7,11,1,5.888662246773378,5.941281935735571,5.8886622467721885,5.941281935734381,9,9,0.06041840485564288,1.0581535647702367e-12,24,0,-0.32300602640773524,0.009690083501922929,0.33269610990965814,0.32300602640773524,1.1892709039784677e-12,1.1901590823981678e-12,2499997.3546188874
9840985,25561,5,7,11,1,5.885299375417059,5.940056848488147,5.885299375415869,5.940056848486957,9,9,0.4556216610790752,1.0719203302755886e-12,24,0,-0.339021564262569,0.004869727275257909,0.34389129153782694,0.339021564262569,1.1901590823981678e-12,1.1892709039784677e-12,2499997.320202047
9263485,24061,5,7,11,1,5.870677494454554,5.9216721379997646,5.8706774944533135,5.921672137998525,9,9,0.001242668018627908,1.1005640843109177e-12,24,0,-0.3072682185350788,0.013715766406137862,0.32098398494121666,0.3072682185350788,1.240785252321075e-12,1.2398970739013748e-12,2499997.248592817
9305065,24169,5,7,11,1,5.870233686142819,5.921507474243772,5.870233686141579,5.921507474242532,9,9,0.013161498048007762,1.1010081735207677e-12,24,0,-0.31380898496093856,0.011809164798257539,0.3256181497591961,0.31380898496093856,1.2398970739013748e-12,1.2398970739013748e-12,2499997.247482597
9748585,25321,5,7,11,1,5.865670390717157,5.919841825592494,5.865670390715917,5.919841825591254,9,9,0.5101054841026625,1.1187717419147702e-12,24,0,-0.33820111989772494,0.004494964005369546,0.3426960839030945,0.33820111989772494,1.2398970739013748e-12,1.2398970739013748e-12,2499997.2030737745
9716245,25237,5,7,11,1,5.845326591630855,5.899291518193333,5.845326591629563,5.899291518192041,9,9,0.6768771365110715,1.1725065363066278e-12,24,0,-0.3392563716747202,0.0035328395689696165,0.34278921124368983,0.3392563716747202,1.2922996006636822e-12,1.2922996006636822e-12,2499997.068737096
9910285,25741,5,7,11,1,5.843485622283632,5.898678801573336,5.84348562228234,5.898678801572044,9,9,1.080309027712611,1.1874945471390674e-12,24,0,-0.3447723049850402,0.00179658028868684,0.34656888527372703,0.3447723049850402,1.2922996006636822e-12,1.2922996006636822e-12,2499997.0312671578
9037105,23473,5,7,11,1,5.831593003686517,5.881044125297512,5.831593003685169,5.881044125296165,9,9,0.003450389426338812,1.195599175218831e-12,24,0,-0.3058937483395556,0.012963185813953377,0.318856934153509,0.3058937483395556,1.34736666268509e-12,1.34736666268509e-12,2499997.0110056354
9050965,23509,5,7,11,1,5.8314407400938375,5.880987537749263,5.831440740092489,5.880987537747916,9,9,0.007387081824980629,1.1958212198237561e-12,24,0,-0.3080741058478813,0.012323751012217068,0.32039785686009836,0.3080741058478813,1.3482548411047901e-12,1.34736666268509e-12,2499997.0104505257
9198805,23893,5,7,11,1,5.829833960114297,5.8803917221710185,5.82983396011295,5.880391722169671,9,9,0.10473276801498088,1.2003731342247193e-12,24,0,-0.32076032792163167,0.008560035321237528,0.3293203632428692,0.32076032792163167,1.34736666268509e-12,1.34736666268509e-12,2499996.999070767
9175705,23833,5,7,11,1,5.80911189257203,5.859512834144835,5.809111892570625,5.8595128341434295,9,9,0.21073811857984817,1.2557732631535146e-12,24,0,-0.3240457742550584,0.00695425874481942,0.33100003299987785,0.3240457742550584,1.4050982599655981e-12,1.4050982599655981e-12,2499996.8605707847
9277345,24097,5,7,11,1,5.786942786657984,5.8380306260290915,5.786942786656518,5.838030626027626,9,9,0.5545993646465529,1.3243850460753492e-12,24,0,-0.33106186864458936,0.004165246615781703,0.3352271152603711,0.33106186864458936,1.4654943925052066e-12,1.4654943925052066e-12,2499996.68904177
8662885,22501,5,7,11,1,5.772452022386458,5.819259240567229,5.772452022384929,5.8192592405656995,9,9,6.883504144342451e-05,1.3571366253017914e-12,24,0,-0.29273538843356395,0.015074992566674987,0.30781038100023894,0.29273538843356395,1.5294432387236157e-12,1.5294432387236157e-12,2499996.6071630414
8681365,22549,5,7,11,1,5.77223940238078,5.819180009180578,5.772239402379251,5.819180009179049,9,9,0.0023302092895215727,1.3572476476042539e-12,24,0,-0.2994085383726987,0.01311305515868041,0.3125215935313791,0.2994085383726987,1.5294432387236157e-12,1.5294432387236157e-12,2499996.6068854863
8709085,22621,5,7,11,1,5.771921419748396,5.819061544810366,5.7719214197468665,5.819061544808838,9,9,0.010882273203145955,1.3575807145116414e-12,24,0,-0.30376941945766806,0.011822409460603941,0.315591828918272,0.30376941945766806,1.5294432387236157e-12,1.5285550603039155e-12,2499996.6060528215
8727565,22669,5,7,11,1,5.771710075454598,5.8189828381708395,5.771710075453068,5.818982838169309,9,9,0.01916140430177985,1.357913781419029e-12,24,0,-0.3059225302878525,0.011182354520787887,0.31710488480864035,0.3059225302878525,1.5294432387236157e-12,1.5303314171433158e-12,2499996.6052201567
8801485,22861,5,7,11,1,5.770870099673236,5.81867044507767,5.770870099671707,5.81867044507614,9,9,0.06849444751103144,1.3601342274682793e-12,24,0,-0.3122687866068396,0.009283534278757213,0.3215523208855968,0.3122687866068396,1.5294432387236157e-12,1.5294432387236157e-12,2499996.5996690565
8866165,23029,5,7,11,1,5.7701427208831415,5.818400853417365,5.770142720881613,5.818400853415836,9,9,0.1293229306873589,1.3629097850298422e-12,24,0,-0.31640234404281486,0.00803565151814756,0.3244379955609624,0.31640234404281486,1.5285550603039155e-12,1.5285550603039155e-12,2499996.5927301813
9189565,23869,5,7,11,1,5.766638258757693,5.817133342879517,5.7666382587561635,5.817133342877988,9,9,0.6197401428301922,1.3847811786149578e-12,24,0,-0.33022038235090023,0.003783751449120485,0.3340041338000207,0.33022038235090023,1.5294432387236157e-12,1.5285550603039155e-12,2499996.538051848
9901045,25717,5,7,11,1,5.781128749131639,5.836264021549683,5.7811287491301755,5.836264021548218,9,9,2.082520444747408,1.3890000261085333e-12,24,0,-0.3473231121424096,-0.001034340609922664,0.3462887715324869,0.3473231121424096,1.4637180356658064e-12,1.4646062140855065e-12,2499996.527504758
9309685,24181,5,7,11,1,5.765406803591,5.816711525927478,5.765406803589471,5.816711525925949,9,9,0.8671620764465844,1.3962164757685969e-12,24,0,-0.33397386689643976,0.0026024868709136214,0.3365763537673534,0.33397386689643976,1.5294432387236157e-12,1.5294432387236157e-12,2499996.509463684
9512965,24709,5,7,11,1,5.763433800254795,5.816083721560036,5.763433800253266,5.816083721558507,9,9,1.3541528586356364,1.4174217355389374e-12,24,0,-0.33943442509236366,0.0008589409350446004,0.3402933660274083,0.33943442509236366,1.5285550603039155e-12,1.5285550603039155e-12,2499996.456450684
8769145,22777,5,7,11,1,5.749836912480655,5.797407022011964,5.749836912479059,5.797407022010367,9,9,0.15214069507242203,1.4238610290817633e-12,24,0,-0.3156218118367912,0.007651834936948839,0.32327364677374004,0.3156218118367912,1.596056620201125e-12,1.5969447986208252e-12,2499996.440352496
9046345,23497,5,7,11,1,5.746787441976229,5.796302364922427,5.746787441974633,5.796302364920831,9,9,0.5787697942104181,1.443400954315166e-12,24,0,-0.3274709598750756,0.003997020152762576,0.33146798002783817,0.3274709598750756,1.596056620201125e-12,1.596056620201125e-12,2499996.3915028227
9743965,25309,5,7,11,1,5.761395806362473,5.81553778463765,5.761395806360946,5.815537784636122,9,9,2.0019062536195285,1.4462875341791914e-12,24,0,-0.3446858957099126,-0.0008503472230695699,0.343835548486843,0.3446858957099126,1.5267787034645153e-12,1.5276668818842154e-12,2499996.3842863943
8519665,22129,5,7,11,1,5.731165538070935,5.7769286277376,5.731165538069269,5.776928627735934,9,9,0.03239693422619881,1.4807044479425713e-12,24,0,-0.30444718261959447,0.010413697871183647,0.3148608804907781,0.30444718261959447,1.666222715357435e-12,1.666222715357435e-12,2499996.2982443618
8852305,22993,5,7,11,1,5.72737446097738,5.775534795652273,5.727374460975714,5.775534795650607,9,9,0.4444745883928829,1.5005774400833616e-12,24,0,-0.32277828872061337,0.00481563956152451,0.3275939282821379,0.32277828872061337,1.666222715357435e-12,1.666222715357435e-12,2499996.2485620296
9670045,25117,5,7,11,1,5.740853327498221,5.794521972236588,5.740853327496628,5.794521972234993,9,9,2.1732012319273655,1.517452830057664e-12,24,0,-0.3437543932770081,-0.001230024171557512,0.3425243691054506,0.3437543932770081,1.5933920849420247e-12,1.5942802633617248e-12,2499996.2063736813
9212665,23929,5,7,11,1,5.723608382386587,5.774260036046339,5.723608382384921,5.774260036044673,9,9,1.2267332119452714,1.538769112130467e-12,24,0,-0.3340490934285772,0.0012527039825732766,0.33530179741115046,0.3340490934285772,1.666222715357435e-12,1.666222715357435e-12,2499996.153083139
8321005,21613,5,7,11,1,5.7118297909314055,5.75611327127408,5.711829790929666,5.75611327127234,9,9,9.347438644538773e-05,1.5445422718585178e-12,24,0,-0.2884364843311241,0.014585692194784495,0.3030221765259086,0.2884364843311241,1.7399415241925453e-12,1.7399415241925453e-12,2499996.1386502846
8344105,21673,5,7,11,1,5.711552079348891,5.756009525330848,5.711552079347151,5.756009525329108,9,9,0.003921551623683371,1.5449863610683678e-12,24,0,-0.29508365864341635,0.012610595860840795,0.30769425450425714,0.29508365864341635,1.7399415241925453e-12,1.7399415241925453e-12,2499996.1375400648
8505805,22093,5,7,11,1,5.709633611029642,5.755294667623274,5.709633611027901,5.755294667621533,9,9,0.11903433841270596,1.5504264538890311e-12,24,0,-0.30996009696873744,0.008127699467721813,0.31808779643645924,0.30996009696873744,1.7408297026122455e-12,1.7408297026122455e-12,2499996.1239398746
9933385,25801,5,7,11,1,5.738910600393934,5.7942482963572655,5.738910600392343,5.794248296355674,9,9,3.058341841150189,1.5565326805244695e-12,24,0,-0.3487599514336272,-0.002903224949201441,0.3458567264844258,0.3487599514336272,1.5916157281026244e-12,1.5916157281026244e-12,2499996.108674356
8875405,23053,5,7,11,1,5.705467508966348,5.753790749872292,5.705467508964608,5.753790749870552,9,9,0.7214682178991861,1.5812906539736105e-12,24,0,-0.3257681869266166,0.0032272264287621774,0.32899541335537874,0.3257681869266166,1.7399415241925453e-12,1.7399415241925453e-12,2499996.0467796167
8935465,23209,5,7,11,1,5.704827994338763,5.753572692033425,5.704827994337023,5.753572692031685,9,9,0.8533193125918577,1.5876189252139739e-12,24,0,-0.32764806277864816,0.002631777437934924,0.3302798402165831,0.32764806277864816,1.7399415241925453e-12,1.7399415241925453e-12,2499996.0309589887
9683905,25153,5,7,11,1,5.719510728369474,5.773268415252105,5.719510728367811,5.773268415250443,9,9,2.6463407568868424,1.6062706720276765e-12,24,0,-0.3444975875903046,-0.0021718238318094983,0.3423257637584951,0.3444975875903046,1.6626700016786344e-12,1.6626700016786344e-12,2499995.9843297703
8237845,21397,5,7,11,1,5.69098999414063,5.734642920815515,5.690989994138812,5.734642920813697,9,9,0.005992328482874875,1.61393121089759e-12,24,0,-0.2943617957544161,0.012223019335948089,0.3065848150903642,0.2943617957544161,1.8181012251261564e-12,1.8181012251261564e-12,2499995.965178485
8376445,21757,5,7,11,1,5.689319706066244,5.734019845984247,5.689319706064426,5.734019845982429,9,9,0.1042339395792671,1.6194823260207158e-12,24,0,-0.30711581344332345,0.008368940115286994,0.31548475355861044,0.30711581344332345,1.8181012251261564e-12,1.8181012251261564e-12,2499995.9513007416
9281965,24109,5,7,11,1,5.701415093801053,5.752533965582195,5.701415093799314,5.752533965580457,9,9,1.766947414853395,1.634137269945768e-12,24,0,-0.3367097127818552,-0.0002875729803917371,0.33642213980146346,0.3367097127818552,1.7390533457728452e-12,1.738165167353145e-12,2499995.9146635015
9961105,25873,5,7,11,1,5.717702937086423,5.773213582639564,5.717702937084763,5.773213582637904,9,9,3.6591260095753784,1.6525669721545455e-12,24,0,-0.34939935973789943,-0.0038316536324138942,0.34556770610548554,0.34939935973789943,1.660005466419534e-12,1.660005466419534e-12,2499995.868589397
8108485,21061,5,7,11,1,5.670579939255156,5.713238432402347,5.6705799392532565,5.7132384324004475,9,9,0.0015382512274481827,1.6860957074982252e-12,24,0,-0.28925238200834713,0.013148013461162083,0.3024003954695092,0.28925238200834713,1.899813639738568e-12,1.899813639738568e-12,2499995.784767839
8150065,21169,5,7,11,1,5.670066322190353,5.7130462825740995,5.670066322188453,5.7130462825722,9,9,0.016292114973729368,1.6874279751277754e-12,24,0,-0.2957952300825625,0.011182187664419722,0.3069774177469822,0.2957952300825625,1.899813639738568e-12,1.899813639738568e-12,2499995.7814371805
8316385,21601,5,7,11,1,5.66804429888966,5.7122929245171035,5.66804429888776,5.712292924515204,9,9,0.16598474908751085,1.695532603207539e-12,24,0,-0.30838119098987726,0.007349913273528055,0.31573110426340534,0.30838119098987726,1.899813639738568e-12,1.899813639738568e-12,2499995.761175679
9208045,23917,5,7,11,1,5.680450723378281,5.731071096520503,5.680450723376465,5.731071096518686,9,9,1.926095410507677,1.7151835507434043e-12,24,0,-0.33578621293466926,-0.0006719704226162605,0.335114242512053,0.33578621293466926,1.816324868286756e-12,1.816324868286756e-12,2499995.712048478
9799405,25453,5,7,11,1,5.6974989946567005,5.751993476951909,5.697498994654967,5.751993476950175,9,9,3.5506517611765287,1.7209567104714552e-12,24,0,-0.34681231689225067,-0.0036623051498387805,0.3431500117424119,0.34681231689225067,1.7337242752546445e-12,1.7337242752546445e-12,2499995.697615628
8029945,20857,5,7,11,1,5.649405303757321,5.691451772360439,5.649405303755335,5.6914517723584535,9,9,0.012401053200131486,1.7633672300121361e-12,24,0,-0.29289457401959773,0.011443051001153512,0.30433762502075123,0.29289457401959773,1.98596694644948e-12,1.98596694644948e-12,2499995.5915896986
8307145,21577,5,7,11,1,5.646013955198844,5.690192809619812,5.646013955196859,5.690192809617826,9,9,0.31715586199901713,1.7809087538012136e-12,24,0,-0.3115996940213632,0.0057117517724730995,0.3173114457938363,0.3115996940213632,1.98507876802978e-12,1.98596694644948e-12,2499995.5477360445
8454985,21961,5,7,11,1,5.644285291442699,5.689570709312301,5.644285291440713,5.689570709310315,9,9,0.5886041830100632,1.7967849430533533e-12,24,0,-0.3174739927203763,0.003869964880322155,0.32134395760069845,0.3174739927203763,1.98596694644948e-12,1.98596694644948e-12,2499995.5080457134
7928305,20593,5,7,11,1,5.628377782679041,5.669622706098702,5.628377782676964,5.669622706096625,9,9,0.017032839743832854,1.8441914662048475e-12,24,0,-0.29214936066424446,0.01105067613679881,0.3032000368010433,0.29214936066424446,2.077449323678593e-12,2.0765611452588928e-12,2499995.3895298373
7997605,20773,5,7,11,1,5.6275026155452705,5.669295222385687,5.627502615543194,5.66929522238361,9,9,0.06663116111915311,1.8469670237664104e-12,24,0,-0.2985304201424304,0.009106158847807955,0.3076365789902384,0.2985304201424304,2.0765611452588928e-12,2.0765611452588928e-12,2499995.382590969
9147985,23761,5,7,11,1,5.637391573878861,5.6876037762968235,5.6373915738768785,5.687603776294842,9,9,2.572523021902343,1.9100276915651193e-12,24,0,-0.3356297939700596,-0.0020146985448873935,0.3336150954251722,0.3356297939700596,1.9824142327706795e-12,1.9815260543509794e-12,2499995.2249398916
7766605,20173,5,7,11,1,5.607986727028481,5.647933678858168,5.607986727026309,5.6479336788559955,9,9,0.00020180447045578463,1.9274581930517343e-12,24,0,-0.2804461621535946,0.013972547502720775,0.29441870965631534,0.2804461621535946,2.1724844145865063e-12,2.1724844145865063e-12,2499995.181363805
7849765,20389,5,7,11,1,5.606913020260829,5.64753105051418,5.606913020258657,5.647531050512009,9,9,0.03698584892929276,1.930011706008372e-12,24,0,-0.2935332168392156,0.010004709316407491,0.30353792615562314,0.2935332168392156,2.1724844145865063e-12,2.171596236166806e-12,2499995.174980047
8542765,22189,5,7,11,1,5.598721682623737,5.644654436060995,5.598721682621567,5.644654436058825,9,9,1.4004309049281969,2.0162760350217468e-12,24,0,-0.323207156677756,0.0006874825966272163,0.3238946392743832,0.323207156677756,2.170708057747106e-12,2.170708057747106e-12,2499994.959320076
9258865,24049,5,7,11,1,5.614732512869698,5.6656960582179,5.614732512867628,5.665696058215831,9,9,3.4873423582301317,2.0498047703654265e-12,24,0,-0.33800890402931083,-0.00352992284085847,0.3344789811884524,0.33800890402931083,2.0694557179012918e-12,2.0694557179012918e-12,2499994.8754985784
8270185,21481,5,7,11,1,5.579184884049581,5.623083826482356,5.579184884047309,5.623083826480084,9,9,0.9750752969579247,2.082223282684481e-12,24,0,-0.31676858929711343,0.002086603111520891,0.3188551924086343,0.31676858929711343,2.2719603975929203e-12,2.2719603975929203e-12,2499994.794452633
8399545,21817,5,7,11,1,5.577755235034863,5.622628118889349,5.577755235032592,5.622628118887077,9,9,1.3312156343766464,2.1053159215966843e-12,24,0,-0.32047622204321163,0.0008882309686769771,0.3213644530118886,0.32047622204321163,2.2710722191732202e-12,2.2719603975929203e-12,2499994.736721277
7549465,19609,5,7,11,1,5.565431393941028,5.603589427489351,5.565431393938648,5.6035894274869715,9,9,0.00021118181153573657,2.111089081324735e-12,24,0,-0.2767782491417962,0.01385637853776886,0.29063462767956505,0.2767782491417962,2.3794299863766355e-12,2.3794299863766355e-12,2499994.7222884386
7577185,19681,5,7,11,1,5.565060652797479,5.603450083564126,5.5650606527951005,5.603450083561747,9,9,0.0068539736120644375,2.11131112592966e-12,24,0,-0.283401875112432,0.011843332235516597,0.29524520734794857,0.283401875112432,2.3785418079569354e-12,2.3785418079569354e-12,2499994.7217333294
8468845,21997,5,7,11,1,5.577023921508237,5.622412023766074,5.577023921505966,5.622412023763803,9,9,1.5388833035584781,2.1188606424971113e-12,24,0,-0.3222968124190743,0.00029507013346253126,0.32259188255253685,0.3222968124190743,2.2710722191732202e-12,2.2710722191732202e-12,2499994.702859618
8616685,22381,5,7,11,1,5.57555475030867,5.622027169673544,5.5755547503064,5.622027169671274,9,9,2.0189145367872934,2.1506130210013907e-12,24,0,-0.3258704562257423,-0.0008791570940137639,0.32499129913172853,0.3258704562257423,2.27018404075352e-12,2.27018404075352e-12,2499994.6234790105
8131585,21121,5,7,11,1,5.558072616833026,5.600909918600105,5.558072616830647,5.600909918597727,9,9,0.9182634434071762,2.1752599721480692e-12,24,0,-0.31400328626727525,0.002296541394866264,0.3162998276621415,0.31400328626727525,2.3785418079569354e-12,2.3776536295372352e-12,2499994.561861899
9291205,24133,5,7,11,1,5.592723809050431,5.64390469645508,5.592723809048271,5.64390469645292,9,9,4.17570861782514,2.184030734042608e-12,24,0,-0.3386478072387564,-0.004474144843734562,0.3341736623950219,0.3386478072387564,2.1600499167107046e-12,2.1600499167107046e-12,2499994.53993509
8861545,23017,5,7,11,1,5.573436849952699,5.621662401260145,5.573436849950433,5.621662401257877,9,9,2.9172466674966335,2.2074564398621987e-12,24,0,-0.33105902183640656,-0.00261015297277038,0.32844886886363617,0.33105902183640656,2.2666313270747196e-12,2.2675195054944197e-12,2499994.481371083
9231145,23977,5,7,11,1,5.571158749931333,5.621935359229178,5.571158749929073,5.621935359226919,9,9,4.493670750062854,2.3040458430045874e-12,24,0,-0.33764838939483194,-0.004861276724785799,0.3327871126700461,0.33764838939483194,2.2595258997171186e-12,2.2586377212974185e-12,2499994.239898664
7341565,19069,5,7,11,1,5.522178513721374,5.558571734786358,5.522178513718766,5.558571734783749,9,9,0.0009800463205053324,2.314703984040989e-12,24,0,-0.27532205496099477,0.013059216126396071,0.2883812710873908,0.27532205496099477,2.608580018659268e-12,2.608580018659268e-12,2499994.2132534347
7397005,19213,5,7,11,1,5.521415578513935,5.558284562381196,5.521415578511326,5.558284562378589,9,9,0.02502370154021346,2.316702385485314e-12,24,0,-0.28405196371852465,0.010381201495955263,0.29443316521447993,0.28405196371852465,2.608580018659268e-12,2.6076918402395677e-12,2499994.2082574544
7443205,19333,5,7,11,1,5.520784999356698,5.558047565125401,5.52078499935409,5.558047565122792,9,9,0.061679247709937414,2.319477943046877e-12,24,0,-0.2883102798617141,0.009065251802854626,0.2973755316645687,0.2883102798617141,2.6076918402395677e-12,2.608580018659268e-12,2499994.2013185928
7803565,20269,5,7,11,1,5.516074746043167,5.556320893308476,5.51607474604056,5.556320893305868,9,9,0.6745339895401671,2.366218332383596e-12,24,0,-0.30652190813011954,0.0033387576410227543,0.3098606657711423,0.30652190813011954,2.6076918402395677e-12,2.6076918402395677e-12,2499994.0844681663
7281505,18913,5,7,11,1,5.499716986656775,5.535590467960191,5.499716986654042,5.535590467957459,9,9,0.019538923738286057,2.4266144649232047e-12,24,0,-0.28113168542945205,0.010643370538475192,0.29177505596792724,0.28113168542945205,2.7329249974172853e-12,2.7320368189975852e-12,2499993.933478559
8824585,22921,5,7,11,1,5.529029380965509,5.576993630905544,5.5290293809630295,5.576993630903065,9,9,3.8180474233394213,2.4805713039199873e-12,24,0,-0.33078220067086866,-0.003960347578420953,0.3268218530924477,0.33078220067086866,2.4797941478027496e-12,2.4789059693830495e-12,2499993.7985871234
7905205,20533,5,7,11,1,5.491645499452572,5.532706730220221,5.49164549944984,5.53270673021749,9,9,1.2540305045154714,2.525535336417306e-12,24,0,-0.3113243491572694,0.00110334904753924,0.31242769820480865,0.3113243491572694,2.7320368189975852e-12,2.731148640577885e-12,2499993.686177605
7018165,18229,5,7,11,1,5.456352541316093,5.489892047438091,5.45635254131309,5.489892047435088,9,9,0.00012277729527250506,2.6646462814028382e-12,24,0,-0.2664314628659862,0.01390116179405869,0.2803326246600449,0.2664314628659862,3.0029312370061234e-12,3.0029312370061234e-12,2499993.3384020473
7041265,18289,5,7,11,1,5.456017657751346,5.48976559502358,5.456017657748343,5.489765595020577,9,9,0.00515090232352188,2.6649793483102258e-12,24,0,-0.27308360400866477,0.01185078651531489,0.2849343905239797,0.27308360400866477,3.0029312370061234e-12,3.0029312370061234e-12,2499993.337569385
7115185,18481,5,7,11,1,5.454954536371241,5.489364599378601,5.454954536368238,5.489364599375598,9,9,0.05401057261246289,2.669975351921039e-12,24,0,-0.28171288146246115,0.009171420252138704,0.29088430171459984,0.28171288146246115,3.0029312370061234e-12,3.0029312370061234e-12,2499993.325079442
7900585,20521,5,7,11,1,5.468390420674883,5.509414844447821,5.468390420672021,5.509414844444959,9,9,1.60798592982897,2.675970556254015e-12,24,0,-0.31225619216277906,0.00010010790909124588,0.3123563000718703,0.31225619216277906,2.8617108682738035e-12,2.8617108682738035e-12,2499993.3100915113
7318465,19009,5,7,11,1,5.452109305430444,5.488303163455427,5.452109305427441,5.488303163452424,9,9,0.3473587811264612,2.6952884368824925e-12,24,0,-0.2941040672266244,0.005271980455347977,0.2993760476819724,0.2941040672266244,3.0029312370061234e-12,3.0029312370061234e-12,2499993.2617970696
7410865,19249,5,7,11,1,5.450862601019389,5.487849933267416,5.450862601016387,5.487849933264414,9,9,0.5392218975001202,2.712163826856795e-12,24,0,-0.29807824433825525,0.004004660406622775,0.30208290474487803,0.29807824433825525,3.0020430585864233e-12,3.0020430585864233e-12,2499993.2196088224
7461685,19381,5,7,11,1,5.450191762500696,5.487611034300207,5.450191762497693,5.487611034297205,9,9,0.6580596712684706,2.7228219678931964e-12,24,0,-0.30003487068843704,0.003377163295640689,0.30341203398407773,0.30003487068843704,3.0029312370061234e-12,3.0020430585864233e-12,2499993.1929636146
8612065,22369,5,7,11,1,5.485255605437939,5.531694440058514,5.48525560543522,5.531694440055794,9,9,3.9988853570220786,2.734590331954223e-12,24,0,-0.32715212059163973,-0.004179436365567558,0.32297268422607217,0.32715212059163973,2.7196023211217835e-12,2.7196023211217835e-12,2499993.1635428653
7761985,20161,5,7,11,1,5.446493538450995,5.486402984464552,5.446493538447995,5.4864029844615505,9,9,1.5300734900387227,2.798761222777557e-12,24,0,-0.30950370903441443,0.00030180829396812115,0.3098055173283826,0.30950370903441443,3.000266701747023e-12,3.001154880166723e-12,2499993.0031165257
6999685,18181,5,7,11,1,5.432799831510625,5.466172066745078,5.4327998315074755,5.46617206674193,9,9,0.04453460880745135,2.799205311987407e-12,24,0,-0.27879687799854075,0.009428962315414574,0.2882258403139553,0.27879687799854075,3.149480676256644e-12,3.148592497836944e-12,2499993.002006309
7082845,18397,5,7,11,1,5.4315989619301215,5.465720249311614,5.431598961926972,5.465720249308465,9,9,0.13718037069442665,2.807531984672096e-12,24,0,-0.2851081035938112,0.007449224061029279,0.2925573276548405,0.2851081035938112,3.149480676256644e-12,3.149480676256644e-12,2499992.981189744
7831285,20341,5,7,11,1,5.445717088939049,5.486186645901793,5.44571708893605,5.486186645898793,9,9,1.7687283193898355,2.8195223933380476e-12,24,0,-0.31133301557435683,-0.0003007623633192826,0.31103225321103756,0.31133301557435683,2.999378523327323e-12,3.000266701747023e-12,2499992.951213891
7498645,19477,5,7,11,1,5.425973642673454,5.463705092370127,5.425973642670306,5.463705092366978,9,9,1.0565537719505833,2.892353023753458e-12,24,0,-0.3029935728223444,0.001730614708851245,0.3047241875311956,0.3029935728223444,3.147704319417244e-12,3.148592497836944e-12,2499992.769138355
8057665,20929,5,7,11,1,5.443430556976831,5.485693757942469,5.443430556973834,5.485693757939473,9,9,2.6357879531773865,2.8929081352657704e-12,24,0,-0.31668816423472573,-0.0020833201736276197,0.3146048440610981,0.31668816423472573,2.9967139880682225e-12,2.9958258096485224e-12,2499992.7677505845
6935005,18013,5,7,11,1,5.409744981195594,5.442528047789335,5.40974498119229,5.442528047786031,9,9,0.08404678593566833,2.9403146584172646e-12,24,0,-0.28011826153680125,0.008357089496089017,0.2884753510328903,0.28011826153680125,3.304023721284466e-12,3.304023721284466e-12,2499992.649234968
8311765,21589,5,7,11,1,5.4414061197550865,5.485619870083177,5.441406119752097,5.485619870080187,9,9,3.7558057181198192,2.9850566463096584e-12,24,0,-0.3218400678224905,-0.0038280181786008675,0.3180120496438897,0.3218400678224905,2.9896085607106215e-12,2.9896085607106215e-12,2499992.537380661
6717865,17449,5,7,11,1,5.388809534900995,5.419571057738293,5.388809534897527,5.419571057734824,9,9,0.0011300503234990596,3.0774272019584714e-12,24,0,-0.2642022102085932,0.012679284526384067,0.27688149473497725,0.2642022102085932,3.467448550509289e-12,3.468336728928989e-12,2499992.3064556713
6819505,17713,5,7,11,1,5.387274017100992,5.418990314560714,5.387274017097525,5.418990314557246,9,9,0.07111974487230625,3.0849767185259225e-12,24,0,-0.2772054771746353,0.008611461877750592,0.28581693905238587,0.2772054771746353,3.467448550509289e-12,3.468336728928989e-12,2499992.287581996
6948865,18049,5,7,11,1,5.385364107653938,5.41827391522774,5.385364107650471,5.418273915224272,9,9,0.25670107459631314,3.103628465339625e-12,24,0,-0.2855140206035191,0.005980682617915933,0.29149470322143506,0.2855140206035191,3.467448550509289e-12,3.468336728928989e-12,2499992.240952918
7697305,19993,5,7,11,1,5.399849073194664,5.439230931875228,5.399849073191365,5.439230931871928,9,9,2.131163496214315,3.1362690222636047e-12,24,0,-0.30946677137940465,-0.0011059785165924,0.30836079286281226,0.30946677137940465,3.2995828291859652e-12,3.2995828291859652e-12,2499992.159352035
7235305,18793,5,7,11,1,5.381373659985683,5.416844230094589,5.381373659982216,5.4168442300911215,9,9,0.9331760136992637,3.172462292866385e-12,24,0,-0.29739285797589254,0.002159132961459786,0.29955199093735235,0.29739285797589254,3.4665603720895888e-12,3.467448550509289e-12,2499992.068869429
7420105,19273,5,7,11,1,5.379035976043277,5.416102076546244,5.379035976039812,5.416102076542779,9,9,1.5254206744641288,3.2320812692887557e-12,24,0,-0.303054921616735,0.00030526010702592687,0.3033601817237609,0.303054921616735,3.4656721936698887e-12,3.4656721936698887e-12,2499991.9198229425
6828745,17737,5,7,11,1,5.362770436464982,5.394572780070594,5.36277043646134,5.394572780066953,9,9,0.22977838715488613,3.2559510643181966e-12,24,0,-0.28263353138738545,0.006221479651326617,0.2888550110387121,0.28263353138738545,3.6415315207705135e-12,3.640643342350813e-12,2499991.8601488424
6953485,18061,5,7,11,1,5.360948932027569,5.393900926861095,5.360948932023929,5.393900926857454,9,9,0.48017245643904377,3.282707439211663e-12,24,0,-0.2886955660828313,0.0042800676222834256,0.29297563370511476,0.2886955660828313,3.640643342350813e-12,3.640643342350813e-12,2499991.7932583424
7105945,18457,5,7,11,1,5.358819817581354,5.393147515918797,5.358819817577714,5.393147515915158,9,9,0.874081692607184,3.3247848918449563e-12,24,0,-0.29457872320426176,0.0023765590720237688,0.29695528227628554,0.29457872320426176,3.639755163931113e-12,3.639755163931113e-12,2499991.688065406
7789705,20233,5,7,11,1,5.375150107202762,5.415284233055994,5.375150107199304,5.415284233052535,9,9,3.0129736970210335,3.3776315078171137e-12,24,0,-0.31205988370287757,-0.0026992874544218004,0.3093605962484558,0.31205988370287757,3.4576785878925875e-12,3.4585667663122877e-12,2499991.5559497513
6537685,16981,5,7,11,1,5.342662900878897,5.371693487415812,5.342662900875072,5.371693487411988,9,9,0.008690776589818748,3.3950620093037287e-12,24,0,-0.2648760987060618,0.011167844975187278,0.2760439436812491,0.2648760987060618,3.824496275228739e-12,3.824496275228739e-12,2499991.512373793
6676285,17341,5,7,11,1,5.340514791512433,5.37088128788683,5.340514791508609,5.370881287883005,9,9,0.1511720832145063,3.4111602431607935e-12,24,0,-0.27767510063250345,0.007124085706231069,0.2847991863387345,0.27767510063250345,3.824496275228739e-12,3.824496275228739e-12,2499991.472128482
6925765,17989,5,7,11,1,5.336828811575227,5.369527234436597,5.3368288115714035,5.369527234432773,9,9,0.6733009527642028,3.4696689965585392e-12,24,0,-0.28980333693963023,0.003230264889073191,0.2930336018287034,0.28980333693963023,3.823608096809039e-12,3.823608096809039e-12,2499991.3258576053
6412945,16657,5,7,11,1,5.319888918954433,5.347691171683447,5.319888918950414,5.347691171679428,9,9,0.0005988490231777636,3.566480444305853e-12,24,0,-0.257489399974408,0.012830727384148208,0.2703201273585562,0.257489399974408,4.019007349143067e-12,4.019007349143067e-12,2499991.083830689
6445285,16741,5,7,11,1,5.319371592681587,5.347494727109134,5.319371592677568,5.347494727105116,9,9,0.012757453668818022,3.567812711935403e-12,24,0,-0.2640979829911182,0.010753580210190784,0.274851563201309,0.2640979829911182,4.019007349143067e-12,4.0181191707233666e-12,2499991.0805000435
6560785,17041,5,7,11,1,5.317549622687625,5.346804941002557,5.317549622683606,5.346804940998538,9,9,0.13173263542887276,3.5816904997432175e-12,24,0,-0.2747676868876181,0.007373576731822378,0.2821412636194405,0.2747676868876181,4.019007349143067e-12,4.019007349143067e-12,2499991.045805822
6667045,17317,5,7,11,1,5.315914443193719,5.346192800551088,5.3159144431897,5.34619280054707,9,9,0.3146058776144746,3.6032288264209456e-12,24,0,-0.2809503524346903,0.005395659445628259,0.28634601188031855,0.2809503524346903,4.019007349143067e-12,4.0181191707233666e-12,2499990.9919603923
7507885,19501,5,7,11,1,5.329744120454326,5.367553359035722,5.329744120450511,5.3675533590319064,9,9,2.792289178643644,3.701372541797809e-12,24,0,-0.30661921065872566,-0.00232230553292526,0.3042969051258004,0.30661921065872566,3.815614491031738e-12,3.815614491031738e-12,2499990.7466028957
7221445,18757,5,7,11,1,5.308385575314923,5.343734738449935,5.3083855753109095,5.343734738445922,9,9,2.045928112192827,3.804845327692874e-12,24,0,-0.3002715326608162,-0.0009197892759256866,0.2993517433848905,0.3002715326608162,4.013678278624866e-12,4.013678278624866e-12,2499990.487922873
7757365,20149,5,7,11,1,5.327697581292079,5.367569497751079,5.327697581288273,5.367569497747273,9,9,4.005162287409749,3.827937966605077e-12,24,0,-0.3118338095769933,-0.004095298662749755,0.30773851091424353,0.3118338095769933,3.805844528415037e-12,3.805844528415037e-12,2499990.430191716
7369285,19141,5,7,11,1,5.306787766417636,5.343419344580943,5.306787766413627,5.343419344576933,9,9,2.683767089509216,3.877342891200897e-12,24,0,-0.30388411151273687,-0.002130936003990127,0.30175317550874675,0.30388411151273687,4.009237386526365e-12,4.0101255649460654e-12,2499990.306680356
6265105,16273,5,7,11,1,5.272194919249329,5.298508025595754,5.272194919244887,5.298508025591312,9,9,0.024911133297408752,3.945177518005494e-12,24,0,-0.2625220991558662,0.009920070040887711,0.2724421691967539,0.2625220991558662,4.441780276920326e-12,4.441780276920326e-12,2499990.137095116
6334405,16453,5,7,11,1,5.271062515204689,5.298078261742709,5.271062515200247,5.298078261738266,9,9,0.09745039365569773,3.95472543601727e-12,24,0,-0.2689285383687324,0.007879780500959672,0.27680831886969204,0.2689285383687324,4.4426684553400264e-12,4.4426684553400264e-12,2499990.1132255094
7614145,19777,5,7,11,1,5.304671180380281,5.343367744697518,5.304671180376281,5.343367744693517,9,9,3.876592320501574,4.008682275014053e-12,24,0,-0.3091379635912659,-0.003914907187555977,0.3052230564037099,0.3091379635912659,4.000355602329364e-12,4.000355602329364e-12,2499989.9783344865
6556165,17029,5,7,11,1,5.267565764666833,5.2967762040300395,5.267565764662392,5.296776204025598,9,9,0.5303577734443189,4.011457832575616e-12,24,0,-0.2812466583187065,0.0039138263300664,0.28516048464877286,0.2812466583187065,4.440892098500626e-12,4.441780276920326e-12,2499989.971395648
6121885,15901,5,7,11,1,5.249233636260664,5.274068043172107,5.24923363625599,5.274068043167434,9,9,0.001311793032200787,4.147016063882347e-12,24,0,-0.25297410226663214,0.012279726964676182,0.2652538292313083,0.25297410226663214,4.673594844462059e-12,4.673594844462059e-12,2499989.632502835
6112645,15877,5,7,11,1,5.249389784042298,5.274127530337651,5.249389784037624,5.2741275303329775,9,9,0.0001203241188092141,4.147016063882347e-12,24,0,-0.2485008507837072,0.013693914597841944,0.2621947653815492,0.2485008507837072,4.673594844462059e-12,4.673594844462059e-12,2499989.632502835
7096705,18433,5,7,11,1,5.2603540080457565,5.2945992277454295,5.260354008041322,5.294599227740996,9,9,2.470645415695409,4.259148589369488e-12,24,0,-0.2983848560426861,-0.0017423376118176994,0.2966425184308684,0.2983848560426861,4.434674849562725e-12,4.433786671143025e-12,2499989.3521738774
6029485,15661,5,7,11,1,5.22525349797035,5.249114238186992,5.225253497965432,5.249114238182075,9,9,0.00247485532001072,4.364619776708878e-12,24,0,-0.2522013875452901,0.011859074865865984,0.26406046241115605,0.2522013875452901,4.9178439098795934e-12,4.9178439098795934e-12,2499989.088498183
6514585,16921,5,7,11,1,5.217431119819067,5.24623612832824,5.217431119814151,5.246236128323323,9,9,1.015829083346978,4.5109471713544735e-12,24,0,-0.2834121011203225,0.0017913899013792158,0.2852034910217017,0.2834121011203225,4.916067553040193e-12,4.916955731459893e-12,2499988.722682943
6006385,15601,5,7,11,1,5.199890021470083,5.2235048636372365,5.199890021464905,5.2235048636320585,9,9,0.05710562409729969,4.603983860818062e-12,24,0,-0.2601103095667621,0.008657513367932279,0.2687678229346944,0.2601103095667621,5.17808018685173e-12,5.17808018685173e-12,2499988.4900933392
6694765,17389,5,7,11,1,5.214906725605593,5.24544911142805,5.214906725600679,5.245449111423136,9,9,1.6821008057845173,4.605649195354999e-12,24,0,-0.2891356610134614,-0.00010426502141114859,0.28903139599205024,0.2891356610134614,4.914291196200793e-12,4.913403017781093e-12,2499988.4859300414
6089545,15817,5,7,11,1,5.198471096134916,5.222966509116193,5.198471096129738,5.222966509111015,9,9,0.17590279251579288,4.621969473816989e-12,24,0,-0.2664437504842361,0.006618073812034951,0.273061824296271,0.2664437504842361,5.17808018685173e-12,5.17808018685173e-12,2499988.445129722
6902665,17929,5,7,11,1,5.2123779142565905,5.244864201262697,5.212377914251682,5.244864201257789,9,9,2.599489631297238,4.733435865489355e-12,24,0,-0.2946715915401902,-0.0019598519386750447,0.29271173960151514,0.2946715915401902,4.908073947262892e-12,4.908073947262892e-12,2499988.1664663497
5849305,15193,5,7,11,1,5.176665132344431,5.198580706556469,5.176665132338977,5.198580706551015,9,9,0.006942088013049113,4.841127498877995e-12,24,0,-0.2506371975340229,0.011012567657034152,0.2616497651910571,0.2506371975340229,5.454303675378469e-12,5.454303675378469e-12,2499987.8972398443
7138285,18541,5,7,11,1,5.210140596716967,5.244756074793141,5.210140596712071,5.244756074788245,9,9,3.8107701061245836,4.897082739319103e-12,24,0,-0.30001446080421335,-0.0037751876372473154,0.296239273166966,0.30001446080421335,4.8965276278067904e-12,4.8965276278067904e-12,2499987.757353105
6126505,15913,5,7,11,1,5.171901251277004,5.196783930301907,5.17190125127155,5.196783930296453,9,9,0.4681453761008261,4.915623463830343e-12,24,0,-0.2717470621252974,0.004194934872997595,0.275941996998295,0.2717470621252974,5.453415496958769e-12,5.454303675378469e-12,2499987.7110017487
6699385,17401,5,7,11,1,5.189355449829345,5.219941727327906,5.189355449824174,5.219941727322735,9,9,2.1616502690168424,4.919731289021456e-12,24,0,-0.2900647151601717,-0.0011444778979414739,0.2889202372622302,0.2900647151601717,5.170974759494129e-12,5.170974759494129e-12,2499987.7007322866
6380605,16573,5,7,11,1,5.167924635926948,5.195404280897095,5.167924635921496,5.195404280891643,9,9,1.2770279788037797,5.044298312384399e-12,24,0,-0.28160154753535305,0.0009512573089500989,0.2825528048443032,0.28160154753535305,5.451639140119369e-12,5.451639140119369e-12,2499987.3893178315
6921145,17977,5,7,11,1,5.1869217529393605,5.219577808886926,5.186921752934199,5.219577808881764,9,9,3.2481815156998843,5.076383757796066e-12,24,0,-0.29551023354520106,-0.0029846715678930663,0.292525561977308,0.29551023354520106,5.161204796877428e-12,5.161204796877428e-12,2499987.30910503
6440665,16729,5,7,11,1,5.16705984321066,5.195137242392858,5.167059843205209,5.195137242387407,9,9,1.5103418413146235,5.080824649894566e-12,24,0,-0.2835125013170389,0.00031596035601320525,0.28382846167305215,0.2835125013170389,5.4507509616996686e-12,5.4507509616996686e-12,2499987.298002912
6149605,15973,5,7,11,1,5.1453949525038185,5.170518412563647,5.145394952498072,5.1705184125579,9,9,0.825379519688896,5.239808587020889e-12,24,0,-0.27485944087601366,0.0024606240163554016,0.27732006489236904,0.27485944087601366,5.74651437545981e-12,5.74651437545981e-12,2499986.9005471715
5858545,15217,5,7,11,1,5.123920602172495,5.145937470532244,5.123920602166436,5.145937470526185,9,9,0.29641294336321194,5.429878768836716e-12,24,0,-0.2639036432218687,0.005342676407233346,0.26924631962910206,0.2639036432218687,6.059153179194254e-12,6.059153179194254e-12,2499986.425376787
5983285,15541,5,7,11,1,5.121780277238166,5.14514821299955,5.121780277232107,5.145148212993491,9,9,0.6194125863551486,5.487499343814761e-12,24,0,-0.26999799280449455,0.003345054314758299,0.27334304711925284,0.26999799280449455,6.059153179194254e-12,6.059153179194254e-12,2499986.281326922
6135745,15937,5,7,11,1,5.119311748048233,5.144290855213093,5.119311748042176,5.144290855207036,9,9,1.1275068407112752,5.577316386506936e-12,24,0,-0.2759192739350496,0.001388006932404583,0.2773072808674542,0.2759192739350496,6.056488643935154e-12,6.057376822354854e-12,2499986.0567867993
5544385,14401,5,7,11,1,5.1030185509362935,5.12149233944941,5.103018550929903,5.121492339443019,9,9,0.00014070971122801147,5.671352276692687e-12,24,0,-0.23716755128072753,0.013300947801692668,0.2504684990824202,0.23716755128072753,6.390443729742401e-12,6.390443729742401e-12,2499985.821699719
5562865,14449,5,7,11,1,5.10267109069884,5.121359146306015,5.10267109069245,5.121359146299625,9,9,0.004763313701399123,5.672018410507462e-12,24,0,-0.24386221487384263,0.011145423251144862,0.2550076381249875,0.24386221487384263,6.390443729742401e-12,6.390443729742401e-12,2499985.820034403
5747665,14929,5,7,11,1,5.099275633055477,5.120065599499593,5.099275633049086,5.120065599493203,9,9,0.26435494715721286,5.720868223590969e-12,24,0,-0.2609843866228538,0.005589101243315141,0.2665734878661689,0.2609843866228538,6.391331908162101e-12,6.390443729742401e-12,2499985.6979112616
5867785,15241,5,7,11,1,5.0971645289258,5.119282521564404,5.09716452891941,5.119282521558014,9,9,0.5689029781763606,5.778044709359165e-12,24,0,-0.2671104348992941,0.003579000012587157,0.27068943491188124,0.2671104348992941,6.390443729742401e-12,6.390443729742401e-12,2499985.5549716908
5913985,15361,5,7,11,1,5.096377791107367,5.11899887635964,5.096377791100977,5.118998876353251,9,9,0.7086269052949007,5.804579039647706e-12,24,0,-0.26911467671463285,0.0029180134387954792,0.27203269015342835,0.26911467671463285,6.389555551322701e-12,6.389555551322701e-12,2499985.4886366334
6981205,18133,5,7,11,1,5.13594193495842,5.169146429010764,5.135941934952714,5.169146429005059,9,9,4.905910936312836,5.8895111010315304e-12,24,0,-0.2970522115318515,-0.005019543194211471,0.29203266833764,0.2970522115318515,5.7056581681536045e-12,5.7056581681536045e-12,2499985.2763089626
5465845,14197,5,7,11,1,5.0776554596946255,5.0952100532256885,5.0776554596878825,5.0952100532189455,9,9,0.002897917667220852,5.984879258846831e-12,24,0,-0.2408595821402424,0.01142879874250905,0.25228838088275146,0.2408595821402424,6.743050562363351e-12,6.743050562363351e-12,2499985.0378913996
5673745,14737,5,7,11,1,5.073773380480856,5.093731335594217,5.073773380474113,5.093731335587474,9,9,0.3126970977478195,6.0462745921086025e-12,24,0,-0.2601280781318657,0.005159200351928985,0.2652872784837947,0.2601280781318657,6.743050562363351e-12,6.743050562363351e-12,2499984.884404913
6255865,16249,5,7,11,1,5.091141088501233,5.117359885189891,5.091141088494851,5.117359885183508,9,9,2.0703416776423746,6.055267398608066e-12,24,0,-0.2807271197791871,-0.000952044381669188,0.2797750753975179,0.2807271197791871,6.3824501239651e-12,6.3824501239651e-12,2499984.8619231684
5798485,15061,5,7,11,1,5.07156028414774,5.092915679185628,5.071560284140998,5.092915679178885,9,9,0.653439283367915,6.1138871743082746e-12,24,0,-0.26622965753099287,0.003150149687350391,0.26937980721834326,0.26622965753099287,6.742162383943651e-12,6.743050562363351e-12,2499984.715375513
5364205,13933,5,7,11,1,5.052536729065443,5.068880682105474,5.052536729058324,5.0688806820983565,9,9,0.00036532956191087873,6.317169010117141e-12,24,0,-0.23561703765321723,0.012437966652892454,0.2480550043061097,0.23561703765321723,7.118750033896504e-12,7.117861855476804e-12,2499984.207177241
5447365,14149,5,7,11,1,5.050926487606322,5.068262756540929,5.050926487599203,5.0682627565338105,9,9,0.06695598382962459,6.33171293173973e-12,24,0,-0.2487721017223335,0.00816542836286109,0.2569375300851946,0.2487721017223335,7.118750033896504e-12,7.118750033896504e-12,2499984.1708178967
6625465,17209,5,7,11,1,5.08713144162143,5.117011558952531,5.087131441615072,5.117011558946173,9,9,4.086931135528209,6.410094677278266e-12,24,0,-0.28983979157001477,-0.004050593495140236,0.2857891980748745,0.28983979157001477,6.3584693066331965e-12,6.3584693066331965e-12,2499983.97486603
5641405,14653,5,7,11,1,5.04730454015135,5.066894855623119,5.047304540144232,5.066894855616001,9,9,0.47432699852529425,6.416533970821092e-12,24,0,-0.2613105213219108,0.0040539208713456535,0.26536444219325644,0.2613105213219108,7.117861855476804e-12,7.117861855476804e-12,2499983.9587680018
5780005,15013,5,7,11,1,5.04487168903407,5.066022086061435,5.044871689026953,5.066022086054318,9,9,0.9185526863015011,6.509348615679755e-12,24,0,-0.2673309324649222,0.0020597964108455846,0.26939072887576776,0.2673309324649222,7.1169736770571035e-12,7.1169736770571035e-12,2499983.7267343896
5271805,13693,5,7,11,1,5.027041704520475,5.042263693534772,5.027041704512957,5.042263693527254,9,9,0.00019427619660660346,6.671885266484878e-12,24,0,-0.23259193732978248,0.012731290804050303,0.24532322813383278,0.23259193732978248,7.51843032276156e-12,7.51843032276156e-12,2499983.3203981183
5308765,13789,5,7,11,1,5.026308508892973,5.041981776874202,5.026308508885455,5.041981776866684,9,9,0.01744976088934601,6.675660024768604e-12,24,0,-0.24146217855209767,0.009847493784181037,0.2513096723362787,0.24146217855209767,7.51843032276156e-12,7.51843032276156e-12,2499983.3109613485
5456605,14173,5,7,11,1,5.023440188392258,5.040885718008904,5.02344018838474,5.040885718001386,9,9,0.24739843365581407,6.726952328506286e-12,24,0,-0.25427020966019853,0.005655785935492635,0.2599259955956912,0.25427020966019853,7.51843032276156e-12,7.51843032276156e-12,2499983.182732308
6574645,17077,5,7,11,1,5.06155323043659,5.090942984179141,5.061553230429887,5.090942984172439,9,9,4.459762152125124,6.830980225913663e-12,24,0,-0.2888570759201213,-0.004472007674036491,0.2843850682460848,0.2888570759201213,6.703082533476845e-12,6.702194355057145e-12,2499982.9226660905
5664505,14713,5,7,11,1,5.019637604045521,5.039490747300798,5.019637604038004,5.039490747293281,9,9,0.8531975904304794,6.86040113606623e-12,24,0,-0.26445118214962554,0.0022882652748208118,0.26673944742444633,0.26445118214962554,7.51665396592216e-12,7.51665396592216e-12,2499982.8491148218
5211745,13537,5,7,11,1,5.0006901032985605,5.015171531145563,5.000690103290616,5.015171531137618,9,9,0.012525688422705605,7.053135853141157e-12,24,0,-0.2384644211506457,0.010125722700377645,0.24859014385102335,0.2384644211506457,7.94475596421762e-12,7.94475596421762e-12,2499982.3672847333
5886265,15289,5,7,11,1,5.016011896854634,5.03833163065259,5.016011896847123,5.038331630645079,9,9,1.773094060931278,7.060241280498758e-12,24,0,-0.2722516797937579,-0.0003222230429664603,0.27192945675079144,0.2722516797937579,7.511324895403959e-12,7.511324895403959e-12,2499982.349521416
5267185,13681,5,7,11,1,4.999579175748983,5.0147445181777055,4.999579175741038,5.014744518169761,9,9,0.0707327157374621,7.0667915963440464e-12,24,0,-0.2449735686987469,0.007996320677819158,0.25296988937656606,0.2449735686987469,7.94475596421762e-12,7.94475596421762e-12,2499982.3331458573
6232765,16189,5,7,11,1,5.011665074090467,5.0376474467648125,5.01166507408298,5.037647446757325,9,9,3.668546622674955,7.457034989499789e-12,24,0,-0.2815489360176873,-0.003479894786214647,0.2780690412314727,0.2815489360176873,7.487344078072056e-12,7.487344078072056e-12,2499981.357551544
6181945,16057,5,7,11,1,4.985368196107942,5.0108271378127265,4.985368196100036,5.010827137804822,9,9,4.020995775112998,7.955081038346634e-12,24,0,-0.28057634696271505,-0.003906992726772211,0.27666935423594285,0.28057634696271505,7.905676113750815e-12,7.904787935331115e-12,2499980.112455611
5475085,14221,5,7,11,1,4.939917224867474,4.957580686232721,4.939917224858595,4.957580686223842,9,9,1.2446657518299424,8.206768598029157e-12,24,0,-0.26174252328429215,0.000985184429813759,0.2627277077141059,0.26174252328429215,8.879119661742152e-12,8.879119661742152e-12,2499979.483246881
5040805,13093,5,7,11,1,4.920070355278764,4.932393239968975,4.920070355269363,4.932393239959575,9,9,0.14176147838693318,8.381295657500232e-12,24,0,-0.24246103855676285,0.006678890096721207,0.24913992865348406,0.24246103855676285,9.400480394106125e-12,9.399592215686425e-12,2499979.04693647
5262565,13669,5,7,11,1,4.915626689856934,4.930735332778676,4.915626689847535,4.930735332769277,9,9,0.7714898165326215,8.555045560854069e-12,24,0,-0.25487278110694156,0.0025489975804432632,0.2574217786873848,0.25487278110694156,9.398704037266725e-12,9.398704037266725e-12,2499978.6125690686
6214285,16141,5,7,11,1,4.95834160359402,4.98413416485678,4.958341603585684,4.984134164848444,9,9,4.974647226189627,8.619882585492178e-12,24,0,-0.2813788154195978,-0.004950924692107545,0.27642789072749024,0.2813788154195978,8.335554468885675e-12,8.335554468885675e-12,2499978.4504792904
4832905,12553,5,7,11,1,4.895971191224791,4.905561268084438,4.895971191214838,4.905561268074485,9,9,0.0004319698681968206,8.832157227800508e-12,24,0,-0.22416572143551802,0.01200290214205553,0.23616862357757357,0.22416572143551802,9.952927371159603e-12,9.952927371159603e-12,2499977.9198019463
5595205,14533,5,7,11,1,4.909943845981601,4.929005052280676,4.909943845972217,4.9290050522712905,9,9,2.324914397668529,8.974487819557453e-12,24,0,-0.2666108234674856,-0.0014095625080969944,0.2652012609593886,0.2666108234674856,9.384493182551523e-12,9.385381360971223e-12,2499977.563981803
5248705,13633,5,7,11,1,4.8874437297519515,4.902381955661545,4.887443729742003,4.902381955651595,9,9,1.086070109370294,9.149236923633453e-12,24,0,-0.2559746798177556,0.0014377538871601847,0.2574124337049158,0.2559746798177556,9.948486479061103e-12,9.949374657480803e-12,2499977.1271169605
5803105,15073,5,7,11,1,4.90728690929071,4.928693445197371,4.907286909281346,4.928693445188008,9,9,3.5915792807247984,9.303779968661274e-12,24,0,-0.2722123949213186,-0.0033239198859579796,0.2688884750353606,0.2722123949213186,9.36406507889842e-12,9.36317690047872e-12,2499976.7407664773
4782085,12421,5,7,11,1,4.8682834080019015,4.877186411058339,4.868283407991359,4.877186411047797,9,9,0.02066358059505856,9.36273281126887e-12,24,0,-0.23001278263258193,0.009361002048791707,0.23937378468137363,0.23001278263258193,1.0542677841840487e-11,1.0542677841840487e-11,2499976.593387122
4819045,12517,5,7,11,1,4.8674676112166395,4.87687107016574,4.867467611206097,4.876871070155197,9,9,0.06459876622677281,9.376166509866835e-12,24,0,-0.23436148039097396,0.00791953356755772,0.2422810139585317,0.23436148039097396,1.0542677841840487e-11,1.0543566020260187e-11,2499976.5598035045
4842145,12577,5,7,11,1,4.866961814272902,4.876675986700831,4.86696181426236,4.876675986690287,9,9,0.10120359549819088,9.387268740113086e-12,24,0,-0.2365110300640389,0.007205833833831598,0.2437168638978705,0.2365110300640389,1.0542677841840487e-11,1.0543566020260187e-11,2499976.53204845
4897585,12721,5,7,11,1,4.865761884149216,4.876215373903159,4.865761884138673,4.876215373892617,9,9,0.21337018139882036,9.422240765388779e-12,24,0,-0.24075921641513154,0.005792605209203315,0.24655182162433487,0.24075921641513154,1.0542677841840487e-11,1.0542677841840487e-11,2499976.444620031
5188645,13477,5,7,11,1,4.8598966367761856,4.874090811015757,4.859896636765647,4.874090811005218,9,9,1.2329197683328406,9.73654490366016e-12,24,0,-0.25506701888285654,0.0009968765538804387,0.25606389543673697,0.25506701888285654,1.0538236949741986e-11,1.0538236949741986e-11,2499975.6588747394
4661965,12109,5,7,11,1,4.841912585192876,4.84916018955132,4.841912585181702,4.849160189540146,9,9,0.00045771064614234173,9.916067966742048e-12,24,0,-0.22033024830609294,0.011852933920957208,0.23218318222705014,0.22033024830609294,1.1174172698247276e-11,1.1174172698247276e-11,2499975.210075902
5359585,13921,5,7,11,1,4.856933426387098,4.873221771470105,4.856933426376569,4.873221771459575,9,9,2.099385183410552,9.998335492866772e-12,24,0,-0.2609177550307864,-0.0009859340821773816,0.259931820948609,0.2609177550307864,1.0528466987125285e-11,1.0529355165544985e-11,2499975.0044111824
4828285,12541,5,7,11,1,4.838201169047701,4.847729103336827,4.838201169036527,4.847729103325653,9,9,0.2583972381915532,1.000133309503326e-11,24,0,-0.23990051284241135,0.005347103746197718,0.24524761658860905,0.23990051284241135,1.1174172698247276e-11,1.1174172698247276e-11,2499974.996917327
4939165,12829,5,7,11,1,4.8358416468050525,4.846843799529415,4.83584164679388,4.846843799518242,9,9,0.5942625186454166,1.0111578241378538e-11,24,0,-0.24611890844351786,0.003264122683073066,0.24938303112659094,0.24611890844351786,1.1172396341407875e-11,1.1173284519827575e-11,2499974.721310004
5558245,14437,5,7,11,1,4.854125779769634,4.872760339709063,4.854125779759126,4.872760339698556,9,9,3.3115599780096168,1.035438401686406e-11,24,0,-0.266591340633188,-0.002924877325344664,0.2636664633078433,0.266591340633188,1.0508038883472182e-11,1.0507150705052481e-11,2499974.1143079884
5706085,14821,5,7,11,1,4.852591389482584,4.872914760698247,4.852591389472101,4.872914760687764,9,9,4.341819563117248,1.0646483694642939e-11,24,0,-0.2702726940517113,-0.004193060213338651,0.26607963383837263,0.2702726940517113,1.0483169887720578e-11,1.0483169887720578e-11,2499973.3840741296
4795945,12457,5,7,11,1,4.809587358130966,4.818678513347977,4.809587358119118,4.818678513336128,9,9,0.4145073468873247,1.0660361482450753e-11,24,0,-0.24111980659822158,0.004201281765295613,0.24532108836351718,0.24111980659822158,1.184830011879967e-11,1.184918829721937e-11,2499973.349380399
4920685,12781,5,7,11,1,4.8069562446869245,4.817715156812993,4.806956244675077,4.817715156801146,9,9,0.8661689878454217,1.0816791906620438e-11,24,0,-0.24726143868245234,0.0021341665768537144,0.24939560525930607,0.24726143868245234,1.184741194037997e-11,1.184652376196027e-11,2499972.9583127378
5073145,13177,5,7,11,1,4.803998775748302,4.816735954032964,4.803998775736462,4.816735954021124,9,9,1.5765378375031553,1.106048586052566e-11,24,0,-0.2532367764040746,0.0001110955339697437,0.25334787193804437,0.2532367764040746,1.184030651302237e-11,1.184030651302237e-11,2499972.349091181
4500265,11689,5,7,11,1,4.786715642210554,4.791661617785767,4.786715642197981,4.791661617773195,9,9,0.002151657560501031,1.1157852419785286e-11,24,0,-0.21872611387122173,0.01095412682651953,0.22968024069774126,0.21872611387122173,1.2573053709274973e-11,1.2572165530855273e-11,2499972.105680191
4555705,11833,5,7,11,1,4.785409725335395,4.791154617464187,4.785409725322822,4.791154617451615,9,9,0.05493864771654842,1.1177392345018689e-11,24,0,-0.22753101606859258,0.008016105898735984,0.23554712196732858,0.22753101606859258,1.2573053709274973e-11,1.2572165530855273e-11,2499972.0568314693
4601905,11953,5,7,11,1,4.784336778122116,4.790739562735888,4.784336778109544,4.790739562723316,9,9,0.13541442989663724,1.120747938898603e-11,24,0,-0.23183657831362028,0.006575738871113621,0.2384123171847339,0.23183657831362028,1.2572165530855273e-11,1.2572165530855273e-11,2499971.9816155434
4731265,12289,5,7,11,1,4.781421985404971,4.789630093873359,4.7814219853924,4.789630093860787,9,9,0.48875971051991457,1.1338152638984411e-11,24,0,-0.2402435277886014,0.0037530971842354988,0.2439966249728369,0.2402435277886014,1.2571277352435573e-11,1.2571277352435573e-11,2499971.6549397833
4962265,12889,5,7,11,1,4.776669884838484,4.787974729040608,4.77666988482592,4.787974729028043,9,9,1.4806544935322137,1.1700973523431912e-11,24,0,-0.250349259029264,0.00033501762163192487,0.25068427665089593,0.250349259029264,1.2564171925077972e-11,1.2564171925077972e-11,2499970.7479084693
5017705,13033,5,7,11,1,4.775643358349058,4.787668582532436,4.775643358336497,4.787668582519875,9,9,1.7763892113320359,1.1807554933795927e-11,24,0,-0.2523143767486122,-0.00033377811339045053,0.2519805986352217,0.2523143767486122,1.2560619211399171e-11,1.2560619211399171e-11,2499970.4814612074
4463305,11593,5,7,11,1,4.757700832400454,4.762108350301831,4.757700832387107,4.762108350288483,9,9,0.04318109418981496,1.186151177279271e-11,24,0,-0.2245233202755905,0.008291604471173573,0.23281492474676407,0.2245233202755905,1.3347545291253482e-11,1.3347545291253482e-11,2499970.3465723027
5202505,13513,5,7,11,1,4.772636618809181,4.787003308187689,4.772636618796641,4.787003308175149,9,9,2.9026577512142984,1.2205902955031434e-11,24,0,-0.2580938199933898,-0.002310364950278768,0.25578345504311106,0.2580938199933898,1.2540191107746068e-11,1.2540191107746068e-11,2499969.485615068
5341105,13873,5,7,11,1,4.770883815186805,4.7869492170135945,4.770883815174289,4.786949217001079,9,9,3.8773556566998577,1.2540635196955918e-11,24,0,-0.26184819442143953,-0.00360319521473955,0.25824499920669997,0.26184819442143953,1.2515322111994465e-11,1.2515322111994465e-11,2499968.6488051717
4357045,11317,5,7,11,1,4.730098043692954,4.7329306287394886,4.730098043678776,4.732930628725311,9,9,0.016732968830275478,1.2588707853922187e-11,24,0,-0.21931308187901008,0.009306532077423681,0.22861961395643376,0.21931308187901008,1.4177992113673099e-11,1.4177992113673099e-11,2499968.528626549
4495645,11677,5,7,11,1,4.726761576960616,4.731640503472804,4.726761576946439,4.731640503458627,9,9,0.29106051336157446,1.2703504914668429e-11,24,0,-0.23224145020534728,0.004959448643786115,0.2372008988491334,0.23224145020534728,1.4177103935253399e-11,1.4177103935253399e-11,2499968.241641156
4911445,12757,5,7,11,1,4.718112557938977,4.728749484710986,4.718112557924821,4.72874948469683,9,9,2.240853923554823,1.3501755269373916e-11,24,0,-0.2504554772007203,-0.00122741499303175,0.24922806220768856,0.2504554772007203,1.4156675831600296e-11,1.4155787653180596e-11,2499966.246067564
4504885,11701,5,7,11,1,4.696115101323993,4.701128052676188,4.6961151013089255,4.7011280526611205,9,9,0.6091890628899098,1.3642309504291461e-11,24,0,-0.2355324286124871,0.00309657034213666,0.23862899895462378,0.2355324286124871,1.5067058711792924e-11,1.5067058711792924e-11,2499965.894691515
4638865,12049,5,7,11,1,4.693156973276083,4.700081026386015,4.693156973261021,4.700081026370953,9,9,1.207783715136606,1.3905210316522698e-11,24,0,-0.24163789590490703,0.0010208600523810211,0.24265875595728806,0.24163789590490703,1.5061729641274724e-11,1.5061729641274724e-11,2499965.2374575892
